top1,예상질문,통화내용
요금문의,이번 달 요금이 너무 많이 나온 것 같은데 확인해주실 수 있을까요?,알겠습니다 삼천리 도시가스 임상아입니다. 네 수고하십니다. 그 그 저거 좀 좀 얼마 나왔나 좀 하려고 그러는데요. 요금이요? 예. 주소가 어떻게 되십니까? 어 수원4동. 네. 1479. 1479요? 예 1479. 네. 32번지. 32번지. 302호. 302호요? 예. 302호 주소 확인되었습니다. 등록된 서방 어떻게 되십니까? 예이 인숙이요. 전화주신 분 배우자님 되십니까? 예예. 네 금액은 현재 10월하고 1월에서 26550원 미납있습니다. 20000. 6550원. 2만 26000원 그거밖에 없어요? 네 현재로서는 지금 그렇게 확인되십니다. 26000. 550원. 26550원만 나오던데요? 네 지금 현재로서는 이렇게 확인되시는데요. 예. 사용기간이 그렇게 돼. 예 알겠습니다. 네 금액하고 계좌번호 문자 발송 해드릴까요? 네? 금액하고 계좌번호 문자 발송 해드리면 되겠습니까? 아 저거 저거 저쪽 쪽지요? 금액하고 계좌번호를 문자 발송 해드리면 되겠습니까? 핸드폰으로 문자. 아 여기 저기가 있어요. 지금 이제 가지고 계세요? 네. 얼마 달에 가지고 계세요? 26550원. 네 1월달 고지서 가지고 계시는거 같습니다 고객님. 1월 20일. 네 맞습니다 그게 지금 최종 고지서입니다 2월달꺼는 아직 고지서 발송 안되었습니다. 네 이거 내면 되죠? 네 맞습니다. 네 고맙습니다. 네 동봉하십니까? 네네네. 감사합니다 상담원 임수희였습니다. 네 고맙습니다. 네.
요금문의,요금 정산 후 미납 요금 인수인계 문제를 해결하기 위한 서류 제출 방법은 무엇인가요?,정성을 다하겠습니다 삼천리 도시가스 핸드입니다. 네 다른게 아니라 요금 정산을 하려고 그러는데요. 네 주소먼저 불러주시겠어요? 인천남구문학동 383번지 바운즈 101호요. 101호요 고객님? 네. 지금 잠시만요. 성함이 어떻게 되십니까 고객님? 나는 집 주인이고요 그 사람들 그냥 몰래 이사나왔어요. 몰래 이사나가셨다고요? 네. 그럼 요금 누가 내셔 겁니까? 요금은 그 요금 나오는데 따라서 그 사람들한테 인계를 해야할지 내가 내야할지 결정을 하려고요. 저희가 금액 안내 해드리면 되는거에요? 이거 번호 가스 이거 안 불러도 되나요? 아니요 불러주셔야되요 금액 안내. 629요. 네? 629요. 629요. 입금을 하실거에요? 아니요 내가 요금이 조금 작으면은 내도 되는데 안 그러면 못 내줘. 그니깐 고객님 저희는요 정산을 해드릴건데. 예예. 고객님께서 무단전 주처를 하실건지 아니면 그분들이 내실건지. 근데 그분들이 내게 해야죠. 정산을 해드릴건데. 예예. 고객님께서 무단전 주처를 하실건지 아니면 그분들이 내실건지. 예 그분들이 내게 해야죠. 정산처리를 그럼 해드려요. 예. 아니면 고객님한테 안내받으시고 나중에 결정하시겠어요? 아니요 그냥 정산처리를 해주세요. 그러면 제가 629까지 금액 안내해드릴게요. 예예. 269830 169830원 나왔어요 고객님. 169320이요? 네. 어 그러면 그 사람들 내게 해주세요. 아니 고객님. 그분들이 지금 저한테 연락을 주신게 아니기 때문에. 예. 예 고객님께서 그분들한테 내게 하려면. 예. 고객님으로 연락이 되신다거나. 예. 안되요. 네? 연락이 안되요. 그럼 무단전주 처리하셔야죠 고객님. 예. 그럼 서류를 보내셔야죠 말씀으로만 하는게 아니고요. 그럼 무슨 서류가 되를려? 계약서하고요. 그분들이 성분쪽 복사하신거 가지고 계시면 예. 보내주시고 전화 다시 주셔야 되세요. 예 그럼 팩스로 보내야되나요? 그렇죠 고객님. 팩스 번호가 몇번인가요? 032. 032. 865에. 865에. 865에 3004. 30003 3004요. 3004번이고요. 예 805호요. 관리자 분에게 나서. 예. 전화를 지금 처럼 꼭 주셔 가지고요. 예. 네네 여기 정산 그 밑에서 무단자류 이거 확인해달라고 하시고. 예. 네네 그 입금 아 저기 뭐야 처리해달라고 말씀하셔야 해서 전화 꼭 주셔야 되세요. 269000원 나왔다는거죠? 그렇죠 예. 네 알았습니다. 다시 주셔서 내용. 네 지금 그러면은 일단 팩스를 보낼게요. 보내보고 나서 확인 전화 주시라고요. 네 알았습니다. 네 상담원 최은지였습니다. 네 수고하세요.
요금문의,이번달에는 미납 요금 외에 추가로 부과된 요금 항목이 있나요?,정성을 다하겠습니다 삼천리 도시가스 정연입니다. 아 예 저기 무슨 미납요금이 나와가지고요. 네하신 주소가 어떻게 되십니까? 여기 주안6동 23-2호 정읍이랑 302호요. 명의자 분 성함은 어떻게 되십니까? 최영숙이요. 본인 되십니까? 네. 네 확인 감사합니다. 주소 말씀하신 때도 지금 1월 분 요금 납부가 되어있지 아 이거 안되어있으셔서 미납요금으로 같이 보내드렸습니다. 아니 1월 달꺼 저기 납부 안했다고요? 우리 은행 자동이체 되어 있으시잖아요? 자동이체 기사에 잠고 부족으로 인해서 두분 인출 되셨어요. 그러시다보니깐 남은 금액에 의해서 미납으로 포기되신겁니다. 아 그럼 지금 잠고 지금 부족이라고요? 네 잠고 부족하셨어요 저희가 출금 도와드렸을때. 아 그래요? 네. 온 1월달에요? 네. 아 네 알았습니다. 네 더 궁금한 사항 없으십니까? 네. 네 감사합니다. 상담원 정연입니다.
요금문의,여러 달치 요금을 한 번에 납부할 수 있는 방법이 있나요?,네 알겠습니다 삼천리 도시가스 김지입니다. 여보세요 아 미납요금이 있는데 38만원 정도 있는데 그것이 몇 달치인가 한번 알 수 있나요? 네 주소가 어떻게 되십니까? 여기가 연수동. 네. 파체리-4번지 302호. 402호-4번지. 302호 윤 제일이요. 302호요? 잠시만요 고객님. 아 김윤아로 되있나? 아예 맞습니다 전화주신 분 관계 어떻게 되십니까? 아 남편이요? 배우자님 되세요. 예. 배우자님 핸드폰 번호가 5857182번 맞으세요? 네. 네 지금 353730원이 2월 3월 4월에서 3개월 분입니다. 아 3개월 분이? 네네. 그럼 이거 2개월 분이 얼마에요? 2월하고 3월 분 먼저 납부하셔야 되고요. 알겠어요. 유지금 금액은 272430원입니다. 27만원이요? 네네. 아 네 알겠습니다 그럼. 네 월별 금액하고 계좌번호 문자 발송 해드릴까요? 아니요 오늘 이거 어차피 20일 정도에 납부할꺼 같은데. 예 알겠습니다. 
요금문의,"요금이 평소보다 과다하게 청구된 것 같은데, 정확한 사용 내역을 어떻게 확인할 수 있나요?",정성을 다하겠습니다 삼천리 도시가스 연정입니다. 네 안녕하세요 아까 상담원 분이랑 통화했는데. 네. 그 검침 서비스 나온다고 했는데 오늘 날짜로 나올 수 있는지 다시 여쭤보려고 하거든요 내일 나오신다고 했는데. 아 죄송하지만 오늘은 저희가 접수가 마감되어서 방문이 어렵고요. 빠른 방문이 내일 날짜입니다 고객님. 아 원래 접수 마감 시간이 언제인데요? 저희가 이틀전에 접수를 하셔야만 당일 방문 되시는데 내일은 취소관이 있어서 방문 드립니다. 아 혹시 연락달 그 뭐지 여쭤볼게요 예. 제가 옆집도 다녀오고 육집도 다녀오고 다 다녀와봤는데. 예. 그 육집에서는 보일러를 26도로 그 뭐입 뭐지 26도로 풀 과정시켰을때. 예. 7만원이 나왔다고 그랬거든요? 예. 26도에 7만원 그리고 여기는 3동이에요 심지어 저희는 1동 5동이고. 예. 그리고 육집도 3동인데 온도로 틀어서 7라운드 말고 그냥 온도로 틀어서 60도 맞춰 놓고. 예. 쭉 틀었을 때 3시 아 3시간에 한번씩 돌리는 예약 설정 해놔갖고 5만원이 나왔다는 이야기를 들었는데. 예. 저는 이사온지 한달도 안됐는데. 예. 그 뭐지? 실내 온도 17도로 해놓고. 예. 그 쭉 켜놨을때 17만원이 나왔는데 16만원돈이 나왔는데 예 이게 왜 차이가 나는거죠? 일단 사용하시는 분마다 따라달라고 이제 집마다 좀 다를 수가 있는데요. 온수사용하신 요금이 제일 많이 나오시고 그다음에 뭐 보일러쪽에 간혹다가 보일러 고장으로 온수가 떨어지는 경우도 있어요 고객. 그래서 온수가 떨어지면 그때 열 소모량이 많기 때문에 요금은 많이 나올 수도 있거든요 고객님. 아 온수 때문에 열천모량이 많이 나와요? 예 온수가 제일 많이 나옵니다. 아 온도는 상관없으세요? 온수만요? 아 예 온수가 제일 많이 나오고 그다음에 난방이신데. 네. 온수가 제일 많이 나오셔서 설명드린 겁니다 고객님. 아 그러면은. 예. 다른 집들도 저랑 비슷하게 저보다 더 많이 사용을 했는데. 예. 저희는 심지어 온수로 사용을 그렇게 많이 한 편이 아니거든요 그냥 하루에 10일 때만? 예. 하루에 30분 정도 근데 저희가 온수 온도가 60도로 설정이 돼 있더라고요. 예. 근데 보일러가 가끔씩 빨간 불이 뜨고 고장이 나와서 그니깐 오류가 뜨는데 그때 다시 시작될 때 소모량이 너무 높게 올라간다 이거 말이죠? 아 일단 사용하셔야만 온수가 나오기 때문에 온수 쓰신 요금은 자동이되어야만 요금이 나오는 거거든요. 네. 예 그래서 정확한 작동법은 그 보일러 회사로 한번 전화를 해보셔야 될 것 같습니다. 고객님. 아 근데 이거 금액이 말이 안나게 나온건데. 예. 이게 어쩔 수 없는건가요 금액이? 그니깐 저희도 한번 방문해서 공급장에 이상이 있는건지 먼저 확인을 해보고 일단 정확한 안내를 드려야할것 같습니다 고객님. 아 알겠습니다 감사합니다. 네 감사합니다. 내일 몇시인지 알수 있을까요 그 연락 주신다고 하는데 안주셔가지고. 아 시간은 대략 2시에서 4시 사이에는 방문 예정입니다. 아 네 알겠습니다. 감사합니다 상담원 윤정이었습니다. 네.
요금문의,요금을 카드로 결제할 때 결제가 된 것으로 나오는데 왜 그런가요?,정성을 다하겠습니다. 삼천리 도시가스 나지연입니다. 네 여보세요? 네. 아 요금 좀 내려고요. 문의하신 주소가 어떻게 되십니까? 아 인천시 남구 문학동. 네. 389-4번지 102호요. 명의자 분 성함은 어떻게 되십니까? 김혜정이요. 네 확인 감사합니다. 금액하고 계좌를 문자로 넣어드리면 되겠습니까? 아니요. 카드 수납이실까요? 예예. 카드는담원을 통해서는 결제가 어렵고요. 납부하실 수 있는 번호가 별도로 있습니다. 아. 혹시 한달분만 납부하십니까? 아니면 두달분 전체 금액 납부하십니까? 지금 얼마에요? 두달 분 총 금액은 30990원입니다. 39만. 90980원. 아 309800. 980원. 9080원. 아 399880. 980원. 980원. 3994 이메일 얼마 나왔어요? 당월부는 229390원입니다. 399980원. 아니 근데요. 네. 내가 내려고 하면 네 뭐 이렇게 결제가 됐다고 나오는데 왜 그러는지 몰라요. 지금 카드 납부하실 수 있는 번호를 제가 발급해서 문자로 넣어드릴 건데요 전체 금액을 다시 맞하실 겁니까? 네네. 네 전화주신 번호로 제가 알림톡 하나를 보내드렸습니다. 안쪽에 보시면 0507로 시작하시는 번호 보이실 건데요. 그 번호로 결제 진행해 보시면 수납 가능하실 겁니다. 그 전화번호 주세요. 네 문자 넣어드렸습니다. 감사합니다. 네 감사합니다. 상담원 윤정이였습니다.
요금문의,현재 요금이 갑자기 많이 나왔는데 상세 내역을 확인할 수 있을까요?,알겠습니다 삼천리 도시가스 임수희입니다. 예 저기 뭐 좀 물어보려고 하는데요. 네 고객님 무엇을 도와드릴까요? 예 주안동 83-7번지고요. 주안동 83-7번지요. 예예. 네. 거기 지금 가스요금이. 네네. 엄청 많이 나오고 있어요. 엄청 많이 나온다고요? 네. 83-7이요? 예예. 주안 1동인가요? 예예 맞아요. 주소 확인 안되시는데 혹시 뭐 고지서 받으신 거 있습니까? 잠시만요. 맞는데 주안 1 동 83-7번지. 신주소로는 밑주 월구 주안중로 16번길 53. 아 여기가 모텔이신가요 고객님? 예. 지금 이거는 저희쪽이 아니시고 지난달에가 1364530원이시고 이번달 2월달에 198116원은 확인됩니다. 예 저희가 이제 이거를 그 난방이나 이런거를 네네. 타이머를 돌려서 다른 건물하고 똑같이 돌리거든요거든요? 그러면 죄송합니다만. 예. 이게 저희 쪽이 아니고 지금 지역 인천사오시에서 관리하시는 센터라서. 네. 그쪽으로 여쭤보셔야 될 것 같습니다. 거기 이 번호가 그럼 어디로 해야 돼요? 032830에. 잠시만요. 네. 032. 830에. 9요? 02요. 아. 830에. 예. 4518입니다. 아 이거는 그 여기 삼천리하고는 관계가 없는 거예요? 저희는 지금 고객센터고요. 예. 고객님은 대용량이라 지역본부에서 관리합니다 아 그래요? 3830에 4518이요 네 맞습니다 네 네 동화상 없으십니까? 예예 감사합니다 상담원 이였습니다. 네.
요금문의,요금 납부 내역을 확인할 수 있을까요?,정성을 다하겠습니다 삼천리 도시가스 상담원 윤정입니다. 예 안녕하세요 수납센터 박수희입니다. 네네. 예 동때문에 그 상가주택에서 5분 바로 확인되셨나요? 아 네네. 예 전화번호 하나 드릴게요. 010. 네. 3030. 아 기다려주시겠습니까 010 3030에. 예 3422. 3422. 예예. 그래서 여기 주소지 포함해서 문자좀 부탁드릴건데요. 제가 네 명의는 꼭 등록하시라고 안내는 했어요. 아 네 알겠습니다. 예. 3030에 3422번. 예예. 주소와 포함해서 네. 네 본인 문자 전송하십니다. 예예 고맙습니다. 네 좋은하루 되십시요 상담원 윤정이였습니다. 
요금문의,요금 청구서는 언제 받아볼 수 있나요?,정성을 다하겠습니다. 삼천리 도시가스 정연입니다. 네 안녕하세요. 네 안녕하세요. 네 여기는 연수에 네. 5 3 다 저기 안 4구륙 다시 5번지. 4구륙에 5. 5번지 201호 올간님 이달 가스 요금이 어떻게 되죠? 전화주신 분은 관객님 어떻게 되십니까? 네 건물주에요. 497에 6번지 201호 맞나요? 4구 496에 5번지.  496에 5번지.  496-5번지.  201호 요금은 고객님께서 납부해주시는건가요?  오늘 방문한다고요.  아 그러세요? 네 지금 당월 고지주신 금액 확인해드리던데요. 잠시만 기다려주시겠습니까?  네네네. 예 그러면 감사합니다. 이댁을 세신 금액은 128810원 확인됩니다. 128810원. 네 맞습니다. 128810원이요? 네. 거기 것도 나왔어요? 몇 호? 저기 202호 여긴 어디입니까? 202호. 네. 확인해드리겠습니다 잠시만 기다려주시겠습니까? 네. 네. 네. 여기도 고객님께서 대답해 주시는 건가요? 네네. 네 확인 도와드릴 텐데요 잠시만 기다려주시겠습니까? 네. 네 일단은 감사합니다 지금 202호는 10160원입니다. 잠시만요 저기요 만얼마요? 10160원입니다. 10160원이요? 네 맞습니다. 예 알겠습니다 감사합니다. 네 감사합니다. 네. 막 나중에 전화드릴게요. 네. 감사합니다. 수고하세요. 네 감사합니다. 네 네네.
요금문의,이번 달 가스 요금이 얼마나 나왔는지 확인할 수 있을까요?,정성을 다하겠습니다. 삼천리 도시가스 정사랍니다. 아 제가 이게 제이름으로 부천하고 인천하고 돼있어가지고 제이름으로 보면 항상 인천으로 가더라고요. 부천에 제가 저기 입력되어있는걸로 글로 봐야하는데요. 아 그러십니까 고객님? 예 그래서 그렇게 아니요 했다가. 네네. 아까 그 납부자 번호 몇번 눌러왔다가 에라나서 그냥 예스를 했는데 제가 이름이 두근제로 되어있다보니깐 자동으로 주방으로 가더라고요. 아 아니요 이번하신다음에 고객님. 그 상담원 연결 0번 누르신 다음에 관할 센터 번호를 누르셔야 되시는데요. 혹시 무슨 동이실까요? 삼정동이요 삼정동. 삼정동 주소 말씀해주시 네. 이팔에 다시 1번지요. 네. 몇 호십니까? 에빙이 501호요. 아 501호시고요. 어떤 부분 때문에 그러실까요? 가스를 원래 여기는 5일날 하는 거더라고요. 네. 근데 제가 좀 11일 정도 요금이 계속 내려고 하는데 그것때문에 전화드렸어요 원래 내야하는 날짜인데요.  아 우선이 고객님 제가 안내를 드리긴 어려우시고요. 제가 관할 센터 측에 말씀을 드려서 지금 전화주신 번호로 연락을 드리라고 하겠습니다 고객님.  아 제가 다른데 다른 전화를 통화해야하는데 이게 제가 기다렸을때.  10분 내로 연락을 드릴 수 있을것 같습니다만 지금 처리하고 계신 업무가 있으셔서. 아 그래요 10분 안에 전화주시는건 괜찮아요. 알겠습니다 다른 궁금한 사항 있으십니까? 아 요금 상담원 때문에 그런건 아니예요 전화 좀 바로요. 아 예 혹시 연락 주시라고 하겠습니다. 네 네네네. 네 상담원 윤정입니다. 네네네. 
요금문의,"가스 요금이 작년에 비해 많이 나왔는데, 미납 요금이나 요금 내역을 자세히 확인할 수 있을까요?",정성을 다하겠습니다. 삼천리 도시가스 정연입니다. 여보세요? 네. 아니 저희가 가스 요금이 너무 많이 나오는 거 같아서요. 문의하신 주소가 어떻게 되십니까? 인주대로 366에 23. 네. 2동 102호. 명의자 분 성함은 어떻게 되십니까? 김공협. 네 확인 감사합니다. 네. 사용자 분이 없으신데 좀 바닥에 좀 나오시는 거 같으신 거세요? 작년에 비해서 작년이랑 제가 똑같이 보일러를 틀어서 거의 두개 정도가 나왔거든요. 이번월 겨울에. 올겨울이 더 추웠기 때문에 다른 세대인데도 좀 증가되시는 부분은 맞습니다만. 네. 지금 말씀하신 대로 좀 과다게 좀 많이 증가되신 부분도 확인이 되세요. 예. 저희가 방문 드려서 한번 점검해드릴 건데. 아. 혹시 실주로 오전 물이 떨어지거나 하시는 부분은 없으세요? 보일러 보일러 통에서요? 네 아니 없어요. 그런건 없으세요? 네 네. 네 일단은 전화드리고 방문 드릴테는데 혹시 언제가 괜찮으실까요? 고객님? 네 오전도 괜찮아요 오전에 괜찮고. 네 오전이시면 11시에서 12시 가능하신데 괜찮을까요? 11시 12시요? 네. 그전에는 안되고요? 네 지금 앙증리하고 막음되셔서 지금 가능한 시간이세요. 일단 그걸로 좀 해주세요. 네 전화드리고 방문 드려서 혹시라도 누설이 있으신지 확인해드릴수 있도록 전화해드리겠습니다. 만약에 언니 누설이 없는데도 정면이랑 이게 검침수가 비슷한데. 네. 이렇게 많이 넣으면 이유가 뭘까요? 사용량이 증가되신거세요. 언니가 딱 보셔도 사용량이 많이 증가된건 아니잖아요. 일단은 세대가 뭐 변동성이 없다면. 네. 지금 말씀하신 대로 사용하시는 부분이 작년 대비해서 비슷하셔야 되는 부분은 맞으세요. 예. 근데 지금 다른 세대의 경우에도 지금 작년 대비해서 올해 겨울에 한 0.5배 정도 더 사용량은 발송되시는 부분은 확인되어 있으시거든요. 음. 고객님 말씀하신 대로 네 지금 그 이상보다도 더 사용량이 발송되시는 부분이 보기 때문에. 네. 저희가 가스 점검을 해드리는 거고요. 네. 지금 점검에 이상이 없다면 온수물이 어디서 쓰시는 수도 있으세요. 음. 그러시기 때문에 그 이제 수준이나 이런 부분에 대해서 저희가 확인해 드리기가 어렵고. 예. 저희는 가스쪽만 혹시나 누절 있으신지 확인해 드리는 거세요. 아 예 알겠습니다. 네 더 궁금한 사항 있으십니까? 네 없어요. 네 감사합니다. 감사합니다. 네. 네.
요금문의,"미납 요금이 없는 상황에서 이중 결제가 된 것 같은데, 결제 내역을 다시 확인해 주실 수 있나요?",정성을 다하겠습니다 삼천리 도시가스 현정입니다. 네네 그 저 카드 결제를 했는데 미납이 돼갖고. 네. 그 공급 중지된다고 해가지고 내가 지금 카드 팔칠십팔만 원 팔음파 얼마 얼마야. 어 789767원인데. 네. 그 결제를 하나 했는데 40만짜리 결제 했는데. 네네. 그 그 카드 결제 하는데 해서 전화가 왔고 두번 결제를 해달라고 했지대 했는데 지금 하나가 결제가 안떨려졌는지 떨어져있는지 지금 롯데 카드를 하나 했는데 롯데 카드가 지금 됐는지 성함이 됐는지 한번 좀 확인 되나요? 일단 주소를 좀 먼저 불러주시겠어요? 어 이날로 412번길 25 아 그렇죠 그니깐 87에 17 청학길. 성함이 어떻게 되십니까? 주원 7동 주원 7동. 성함이 어떻게 되세요? 저는 장복희. 지금. 329970원하고요 244640원하고 두꺼 다 결제됐습니다 고객님. 아 결제가 그러면 총 얼마 됐다는에요 잠시만요 내가 40만짜리 하나 했거든요. 40만원짜리 하셨다고? 이거 두개가 다 결제가 되셔서. 아 지금 오늘 결제된거에요? 네네. 그런데. 14. 오늘 결제가 됐는데 아닌데. 54610원 되셨네요. 어? 뭔 소리야? 아니 지금 40만원짜리 점액 카드 접수 카드 결제 있거든요. 결제 다 들어갔어요 고객님 이상없이요. 아 이제 완료가 됐어요 이거 뭐. 네 미납금 없습니다 고객님. 아 미납금이 없다고? 예. 그러면 내가 40만하고 389000원짜리 롯데 카드는 인증이 됐거나 깨드는 왜 그날 또 끊어져 버리게 되나 안되나요 선생님 제가. 예. 그러면 내가 40만하고 389까지 롯데 카드로 인증이 됐거나 깨드는 왜 그날 또 끊어져 버리기는 안됐나요 세입자가. 예예. 삼성은 결제됐다고 여기 뭐 이게 쓰거든요. 예예. 근데 롯데 카드로 했는데 아 결제가 안되는거에요. 아 그러셨어요? 어 문자가 안날라왔어. 네. 그래서 그럼 됐으면은. 총금액은 389767원. 아. 아 맞어 맞어. 네. 어 오케이 할게요 딱 했네 확인을 해봐야 되는데 또 끊어져 버리는 거 같고 어머 이거 뭐 됐난 거예요 그냥 또 바로 그냥 카톡이 뜨거든요. 네네. 어 그래요. 알겠습니다. 네 다른 문의사항 없으십니까? 네. 감사합니다 상담원 윤정이였습니다. 예.
요금문의,요금 납부 확인이 가능한가요?,정성을 다하겠습니다 삼천리 도시가스 상담원 예정입니다 무엇을 도와드릴까요? 예 요금 내일 도시가스 요금을 다 결제쯤 할때쯤에 그냥 전화가 꺼졌거든요 혹시 요금 결제 됐는지 확인좀 할게요. 아예 고객님 주소가 어떻게 되실까요? 태평로 60번길 24입니다. 말않고. 혹시 최상동이세요 고객님? 네네네. 아 네 감사합니다. 오늘날짜로 전화 카드 결제 완납되십니다 고객님. 아 네 알겠습니다. 네 감사합니다. 어떻게 하시나요 고객님? 네 감사합니다 4만 얼마죠? 네 맞습니다 고객님. 네 고맙습니다. 네 저는 상담원 예정입니다 좋은하루. 네 네.
요금문의,이번 달 요금 청구서에 기재된 내역을 자세히 알고 싶어요.,정성을 다하겠습니다. 삼천리 도시가스 정연입니다. 네 저 요금 요금 납부좀 하려구요. 문의하신 주소가 어떻게 되십니까? 어 미칠구 주원중로 14 드림치 903호요. 명의자 분 성함은 어떻게 되십니까? 박성동이요. 네 확인 감사합니다. 요금은 얼마 수납하실 예정이십니까? 5999원이요. 카드 맞으십니까? 네. 네 문자 납부 되셨습니다. 감사합니다. 네 감사합니다. 네.
요금문의,납부 확인이 늦어지는 경우 어떻게 해야 하나요?,정성을 다하겠습니다. 삼천리 도시가스 정서인입니다. 네 안녕하세요. 네 안녕하세요. 네 아 저기 아 어제 네. 그 가스요금 다 납부 했는데 또 문자가 계속 와요. 아 그러셨어요 고객님? 네. 혹시 주소가 어떻게 되실까요? 476에 12호요. 476에 네 12번지 고객님 몇도십니까? 202호. 202호시고요. 네 성함이 고객님 주 인자로 샀으신 고객님 되신가요? 네. 혹시 지로 납부 하셨습니까 고객님? 아니요 그냥 카카오페이요. 카카오페이시면은 아직 저희 수납 확인이 안되고 있으세요 고객님. 그 12월 1월 2월 분. 네네. 네 그거 206000얼마인가. 730원. 네네. 아 그거요 그거 그거 납부해서 나와가지고 카톡으로 사진 찍어가지고 문자 전송해서 이거 받는 문자가 아니더라고요. 아 그러신 카카오페이라고 하시면 카드결제 하신 거예요 아니시면 고객님 풍장에 있는 거 인출을. 그냥 이거 자동납부가 설정되어 있었는데 안 빠져나가서 그렇게 된 거예요. 아. 보니까. 예 우산으로 자동이체를 신청을 되어있으셔서 매달 이체리 10날이신데요. 예. 그니깐 지금 카카오페에서 결제가 되셨던 말씀이세요. 아 10날이요? 네네 이체리 매달 10날이시셔서. 근데 7일 날 빠졌는데. 7일 날짜요 고객님? 네 카톡으로 또 문자가 오던데. 네 계좌 같은 경우는 저희가 바로 수납확인이 안되세요 고객님. 그니깐 정확하게 저희 삼천리 도시가스에서 어제 날짜로 이체가 되셨다는 말씀이신거죠? 네 네. 아 그러시면 문자는 오는데 이렇게 뭐 이거는 또 따로 메시지가 오고 그래요? 카톡으로는. 네 지금 저희쪽에는 수납이 안 잡혀 있다 보니 미납 문자가 네 발송이 되신 건데요. 네. 일단 정리하셨을 때 고객님 이체가 되셨다는 말씀이신거죠? 네 좀 보세요 그러면. 어 알겠습니다 그럼 제가 일단 10날 이후에. 3달이 아니라 7일 날 넣었다고 해 7일 날 빠져나갔다고요. 네네 7일 날에 빠져나가는 전체 아직 확인이 안되셔서요 고객님. 일단 10일 이후에 확인해보고 미납되어 있으면 다시. 네 그럼 이게 확인하는 것도 한 몇 요 걸려요? 네 고객님 한 3달 정도는 소요가 됩니다 고객님. 아 그래요? 그럼 저한테 이거 메시지를 넣지 마세요 제가. 네네. 다시 또 클릭하다 보면 다른 거 하다 보니까 인터넷이. 네네. 그냥 그 뭐지 재생이 안 되더라고요 또 다른 거 모바일 주소 같은 거. 네 고객님 아직 수납이 안 잡혀 있으시면 미납문자 또 발송드릴수 있으세요 고객님. 카톡에서 문자하는거는 누가 보내요? 카톡으로 문자보내는거는? 오늘 받으신게 메시지가 있으세요 말씀하시는지. 어제요 어제. 어제 문자로 보내셨어요. 8일 날에는. 네네. 아 7일 날이지 7일 날 바로 하시는데 어제 파드린거 7일 날에는. 8일 날에는 저희가 안전점검 방문 안내를 메시지를 보내드린 거고요. 아. 7일에는 뭐 보내드린 건 없으셨는데요. 그럼 성함은 진짜 그쪽으로 보낸 게 있나 보세요 그러면 안전점검 다 하시면 그것도 같이 받았으니까. 예 안전점검 메시지는 저희가 보내드렸어요 고객님 그리고 오늘 이제 요금 안내. 제가 그러면 핸드폰 핸드폰 번자로 네네. 사진 찍어서 그냥 드릴게. 아 그 사진은 받으시는 번호는 없으시고요. 아니 핸드폰을 주시라고 해요 선생님 핸드폰. 그럼 제가 보내드릴게요 고객님 아예. 전송해드릴게요. 그러면 저는 안하셔도 되잖아요 확인 안하셔도 되고. 아 우선 저희가 그냥 10일 이후에 저희가 확인을 하겠습니다 고객님 저도 문자를 받으신 번호 따로는 없으셔서요. 아 그럼 알았어요. 아 죄송합니다. 뭐 림크 때는 주소 모바일 주소 이런 거 보내지 마세요. 아 삼천리 쪽에서 그 림크 말씀하시는 거예요? 네네 그런 거 보내지 마세요. 제가 아까도 다른 거 잘못 눌러가지고. 아 근데 그거는. 인터넷가서 다 차단해버렸어요. 아 그러세요? 네 하여튼 뭐가 이런거. 근데 고객님. 넣어주지 말세요. 그 링크는 근데 저희가 안전점검 하실때 자가점검 해보실 링크를 보내드리는거 그 부분은 지우고서는 따로 보내드릴수는 없는거라서요. 요금 안내 그 메시지에도 보시면 아마 삼첦 도시가 임대인이 있으신데 아 그런 부분은 지금 안번호 주셨으면 좋겠다고요 네 림크 림크를 누르다가 주소가 웨이크가 사단되니까 네 일단 그 부분은 부탁드려요 건의는 해보겠습니다 고객님 네 상담원 정사랍니다. 네.
요금문의,미납 요금이 있을 경우 납부기한을 연장할 수 있는 방법이 있나요?,정성을 다하겠습니다. 삼천리 도시가스 최연행입니다. 네 제가 요금을 못내주서 네. 고객님 시킨다고 하는데 이거 직접 시간좀 미뤄주실까 해가지고 전화드렸어요. 주소가 어떻게 되십니까? 고객님 납부자 번호가. 네네. 302. 네. 754. 네. 512. 명의자 분 성함은 어떻게 되십니까? 김영대고요 본인 이름. 네 확인 감사합니다. 혹시 11월금 한달만은 수 납이 어려우실까요 고객님? 11월금이요? 네 10880원. 1100. 880원. 11880원이요. 네. 네 그거는 납부 가능해요 얼른. 네 지금 납부하실 계좌를 제가 하나 문자 넣어드리고요. 네. 수입하시겠습니까? 문자되지 않으시도록 조절하겠습니다. 네 혹시 국민은행이든 국민은행으로 좀 주세요. 아 네 국민 계좌와 함께 문자넣어 드리겠습니다. 네 고맙습니다. 네 감사합니다. 네. 
요금문의,지난달 요금이 제대로 청구되었는지 확인해 주실 수 있나요?,정성을 다하겠습니다 삼천리 도시가스 김지입니다. 여보세요? 네 안녕하십니까? 예 제 주소 계좌 이체를 하는데 오늘 은행에서 빠져나가는지 알고 싶어서요. 아 자동이체 말씀이세요? 예. 확인해드리겠습니다 주소가 어떻게 되십니까? 연수동. 네. 567번지 1층 센터요. 잠시만요 연수동 567번지 예예 그냥 연수동 567에요? 예예. 구 주소 불러주시는겁니까? 예예. 여기 1층 명업자 말씀하시는겁니까? 예예. 그리고 저기 집 집도 있거든요 아 그러세요? 네네. 잠시 기다려주시겠습니까? 네.
요금문의,미납 요금을 납부하기 위해 어떤 방법들이 가능한가요?,정성을 다하겠습니다 삼천리 도시가스 현지입니다. 네 여보세요? 네 무엇을 도와드릴게요? 예 미납요금 얼마인지 좀 알아볼려고 전화드렸는데요. 주소를 좀 먼저 알려주시겠습니까? 납부자 번호 좀 알려주세요. 네네 불러주세요. 303 그럼 전자 납부 번호요. 네 303. 303 78에. 네. 181이요. 성함이 누구십니까? 박병주요. 네네 지금 현재 금액은. 예. 12월 1월 2월 이렇게 세달 분 나와있고. 예예. 네 문자 보내드릴까요? 네 문자 해갖고 다 미납요금 접수하실게요. 이사가시는건 아니신거죠 고객님? 예 아닙니다 예예. 그러면 월별 금액으로 해서 문자전송이랑 계좌번호랑 같이 보내드릴까요? 예예. 알겠습니다 더 필요한 사항 있으십니까? 예 없습니다 예 고맙습니다. 고맙습니다 상담원 최은되였습니다.
요금문의,요금이 예상보다 많이 나왔는데 여기저기 다 확인해봐도 문제가 없으면 건물에 다른 요인이 있는 건지 조사해 줄 수 있나요?,정성을 다하겠습니다 삼천리 도시가스 윤정입니다. 네 수고하십니다. 네네 무엇을 도와드릴까요? 음 가스요금이 너무 많다고. 네네. 그래서 전화드렸거든요. 주소 좀 먼저 불러줘보시겠어요? 아 미추월구 연청로 1 주안동 시에 402호요 삼화빌라. 고객님 주소 정확하게 불러주시겠어요? 어 이거. 한국별로방사에서 네? 고객님. 네. 고객님 명의로 되어있으면 전화번호 불러줘봐시겠어요? 저 이거 지난달에는 그거였거든요 어 잠시만요 어 010에 201호에 8호 64요. 성함이 누구십니까? 강순향인데요. 강순향 고객님이요? 네. 지금 현재 어디 거주하십니까? 미추홀구 연청로 1 조안동 시에 402호 삼화빌라요. 삼화빌라요? 예. 여기에 이게 집이 계속 비어 있어가지고. 고객님. 제가 다시 한번 여쭤볼게요. 네. 삼화빌라 몇 동 몇호세요? 시 조안동 시 동 402호라고요. 402호요? 네. 성함이 누구십니까? 아 지금은 제 앞으로 안되어있는데. 네. 우리 아들이 주인이거든요? 고객님 여기는요. 네 12월 22일날. 예. 이사 나간걸로 되어있으세요. 그 이사 나가고 다시 들어왔잖아요. 누가 들어오셨는데요? 그 새들어온 분이 들어왔는데 가스 요금이 28만원가요 26만원이 나왔다고 있더라고요. 그게 말이 안되니까 한달도 안썼는데. 고객님께 아니라 새로우신 분꺼 말씀하시는거죠? 예예. 저희가 확인을 좀 할게요 고객님. 주소가 정확하게 안알려주셔서 잠깐만요. 이거 한국결력에서 보낸 주소지거든요. 26-92 26-92 호수가 402호시라고요? 예 시동에. 시동에 402호. 새로오신 분이 김재운님 맞으시죠? 네. 김재운님이신데 지금 1월달 요금이 97640원 나왔는데요. 근데 왜 20몇만에 나왔다고 전화가 왔죠? c동에 402호 맞으신 거 아니세요? 예예 맞아요. 여기는 3월 빌라 c동 402호. 예. 907640원 나왔습니다. 아 그래요? 907640원이요? 네. 네 알겠습니다 수고하세요.
요금문의,"미납 요금을 정산하려고 하는데, 계량기 검침값을 확인했으니 바로 입금 전용 계좌로 납부할 수 있나요?",정성을 다하겠습니다 삼천리 도시가스 김지영입니다. 네 수고하십니다. 저기 이사가가지고 정산 좀 하려고요. 네 주소 어떻게 되십니까? 아 여기 세말로 연수 1동 세말로. 네. 어 17번지 17-17-12번지. 핸드폰으로 들어온게 연수 1동 560호-3번지도 확인되신데 맞으세요? 예예예. 몇 호. 옛날쪽 옛날주소. 네네 몇호 확인 해드릴까요? B05호요. B5호요? 네. 네 B5호 주소 확인되었습니다. 그러면 고객님께서 오전에 방문해드려서 요금 정산 해드려야하나요? 오전에 예예 지금 이사간다고 해가지고. 아 그럼 뭐 계량기 검침 보신거 있습니까? 네네네. 지침 몇호를 확인 되십니까? 저기 589호 되있는데요. 589요? 예. 세입자분한테서 먼저 금액 인증을 받으시고요. 예. 금액은 13410원입니다. 아 이렇게 밀렸어요? 네 미납있습니다 고객님. 아 아니 저기 그래서 제아 제으려고 그러는데. 네 13410원 제하시면 되세요. 아 그러면은 문자로 좀 넣어주세요. 고객님들이 저희 직원분 있다 오후쯤에 방문 드릴것 같고요. 예. 세입자분한테 해서 13410원 보증금액 접수하시면 될것 같습니다. 그러니까 이거를 저기 액수를 문자로 좀 넣어주세요 그 사람 보니깐. 알겠습니다. 있다가 오후에 고객님한테 연락드리고 방문 드려서 가스공급 중지하고 총 납부하실 금액 다시 안내해드릴거에요. 예 다시 해야해요? 다시 해야해요? 현장에 방문 드려야 되니깐요. 그러면 저기 예육사람이나 저기 지금 이사 간다고 그러는데. 그니깐 이사 가시니깐 금액 지금 지침 불러주셨잖아요. 네네네 그거는 하고. 그래서 금액을 안내해 드린거고. 네. 입금 전용 계좌로 지금 납부 안되세요. 네네네 알겠습니다. 기사 분이 현장에 방문 드려야지 입금할 수 있으시니까 금액은 바로 문자 발송 해드릴거고. 예 알겠습니다. 예예 기사 분한테 있다가 뭐 현금이나 카드 결제 아니면 계좌 이체 하셔서 마무리하시면 됩니다. 네네 알겠습니다. 네 오후에 연락 드리고 방문 드리겠습니다. 네 수고하세요. 네 지금 바로 문자는 금액은 문자 발송 해드렸습니다. 네 알겠습니다 수고하세요. 네 감사합니다. 네.
요금문의,왜 이번 달과 지난 달의 가스 요금이 이렇게 낮은지 확인해 주실 수 있나요?,감사합니다 도시가스 미라. 네 여기 연수동 517-4번지 202호. 517-4번지 202호. 네 그 가스 사용량을 좀 확인좀 해주실래요? 아니 사람이 사는데. 예? 이사 나간건 아니시고요. 네 20일날 이사 가기로 했는데. 네. 아니 사람이 살면서 어떻게 가스를 거의 안때고 방이 냉방이요 그러면서 아니 왜이렇게 가스를 안때냐니까 뭐 전화부터 뭐 방이 그렇다는데 얘기를 하는데 가스 사용하다가 체크해보니깐 가스가 1도 안돌아가는거에요 한번 사용량을 한번 좀 확인좀 해주세요 한달에 얼마실수인지. 여기 517에 4번지 202호. 예. 그니깐 이분이 아직 이사를 나가신건 아니시라는 말씀이신거죠? 예예예. 지금 현재 1월달에는 8000원 정도 나왔습니다. 그러니까 가스를 거의 안뜬다고 방이 아직 냉방이 되갖고는 내가 보일러 동파재꺼 만나서 거진한다니까요 그전에는 얼마 났어요? 그전에는 4천원 정도요 아니 그래갖고 무슨 방이 할자가 있는걸로 얘기를 하니까 내가 그래서 가스를 체크해보니깐 어디가고 오늘라고 나에게 체크해보니깐 하나도 1도 안들어가고 있는걸로. 네. 4천원 8천원이라고요? 네 한달에 한 지난달 기준은 10 정도 돌아가셨거든요? 그래서 이 겨울날에 응 그래갖고 동파 되면 어떻게 응 돈도없이 얘기하 그렇게 드릴까요? 알겠습니다. 네 감사합니다. 네.
요금문의,이번 달 요금 납부가 확인되었는지 언제쯤 확인할 수 있을까요?,네 알겠습니다 삼천리 도시가스 김수희입니다. 네 뭐 한가지만 물어보려고 하는데요. 경제 고객님 무엇을 도와드릴까요? 예 저기 뭐야 그 고지서 문자로 받았는데. 네네. 제가 그 카드로 그 뭐야 이체를 해놨거든요? 네네. 근데 어떻게 연체로 가부터죠? 주소가 어떻게 되십니까 확인해드리겠습니다. 예. 인천시 남구 서수경로. 네. 462번지. 네. 성도빌라. 네. 403호요. 네 주소 확인되었습니다. 고객님댁이 지금 12월달 요금을 1월 25일날 납부하셨습니다. 아니 그 저기 카드로 하는건데. 네 카드자동이체를 11월달부터 하진 않으셨고 1월달부터 하는걸로 접수하셨습니다 고객님. 어. 국민 카드사통에서 하셨습니다. 아니 그 저기 뭐야. 그 국민카드사에서. 네네. 아 그 118 얼마고 나온거 있죠 그거? 예 그게 두달 분 요금입니다. 두달 분 요금이라고요? 네 12월달 48510원 1월달에 609940원입니다. 아 그 두달꺼라고요? 네네 1월 25일날 카드자동이체 되셨습니다. 야 그거 아니 그 풍성카드에서. 삼성카드요? 예 먼저 삼성카드로 그거 하다가 이제 국민 카드로 이제 옮겼는데. 네네. 삼성카드에서 아니 그 저기 뭐야. 삼성카드는 아니서 삼성이 BC카드셨습니까? 있습니까? 기존으로가 BC카드였다가 국민카드로 변경하셨습니다. 예 그 bccard에서 네. 어. 두달치가 어떻게 빠져나가지? 1월 25일날. 빠져나가는거 아니에요 한달 한달? 아니요 1월 25일날 두달분 내셨다고요 고객님. 11월 25일까지는 bccard에서 자동이체 되셨고요. 예. 12월 22일날 카드사업통해서 카드자동이체를 변경하셨고요. 예. 그러면서 고객님께서 12월부터 하시지 않으셨고 1월달부터 해달라고 적용되셔서 1월달에 되었습니다 고객님. 다시 설명해드리겠습니다 11월까지는 bccard에서 자동이체 되셨고요. 1월까지요? 네네 그리고 고객님이 12월 21일날 국민카드 4통에서. 예. 저희 상담원이 아니라 국민카드 4통에서 변경을 하셨어요 고객님. 예. 그래서 국민카드사에서 1월달부터 적용하는걸로 접수하셨습니다 12월달부터 적용하는게 아니라 1월달부터 적용하는걸로 하시다 보니까. 근데 고객님 삼성카드에서 맨 마지막에 빠져나간게 몇달치달꺼 빠져나간거에요? 삼성카드요? 예. 삼성카드가 삼성bc 카드십니까? 예예. 그게 11월 25일날 빠졌습니다. 101040원입니다. 101040원 그거 빠져나간거라고요? 네네. 그게 10월달꺼 쓴겁니까 그러면은? 10월달께 11월 25일날 납부하시는거죠 사용기간이. 아. 10월 7일부터 11월 5일까지 사용한 금액입니다. 아 그다음에 이제 국민카드에서 몇월부터 두달 지나간거라 그랬죠? 네 12월달 11월 6일부터 12월 6일까지 쓴 요금. 11월 분 48510원. 12월 7일부터 1월 7일까지. 음. 1월 분 69940원에서. 네. 두달 분 고객님 댁에 국민카드에서 118450원 결제하셨습니다. 아 그래서 거기 조금 연체가 붙은거에요? 네 맞습니다 가산금은 다다음달에 청구되기 때문에 2월달 고지서에 청구되셨습니다. 아 요번에 고지서에 청구됐다 이거잖아요? 네네. 아 예 알겠습니다 그러면은. 예. 아 나 이거 118400원인가 나왔을때 왜이렇게 많이 나왔나 했지. 도시가스스 비가 아 그 두달 분이구나 그게? 네네. 예 알겠습니다. 네 동호하시오 없으십니까? 네네 감사합니다. 네 감사합니다 상담원 윤정이였습니다. 네. 음.
요금문의,미납 요금이 103호에서 101호로 포함된 내역에 대해 자세한 설명을 받을 수 있을까요?,정성을 다하겠습니다 삼천리 도시가스 윤정입니다. 아 네 요금 문의 좀 하려고요. 네 주소가 어떻게 되십니까? 네 문학동 삼팔요금 16번지. 네. 101호고요. 101호 입니까? 네. 아 예 금액 고지된 금액만 확인하시는건가요? 그니깐 고지서를 받았는데. 예. 이게 미납금액이 4만 700얼마가 나왔어요. 예. 이 미납금액이 언제적 건지. 지금 현재 미납은 잠시만요 고객님. 네. 혹시 103호에서 101호로 옮기신건가요? 네네. 아예 103호에서 정산하셨는데 그때 당시에 요금 납부가 안되셔서 101호로 같이 포함돼서 나오신거거든요. 아 103호에서 정산이 안된게 104호 101호로 같이 온거라고요? 네 그렇습니다. 기존에 101호에는 저기 정산할 금액이 없었잖아요 이사정산 나간거라. 예. 어 알겠습니다 그러면. 예. 이 4만원이 103호 미납금액이 얼마라는 거죠 금액? 103호는 35520원 확인립니다. 35520원. 요게 한달치는 아닐거 같은데. 한달치입니다. 아 한달치에요 그. 네. 아마 무슨 혜택 받으시는게 있는것 같은데. 예예. 할인할 때 그 다해서 35250원이라는 거예요? 네 그렇습니다. 예 그럼 이번달 나온 거는. 처음으로 나온거고. 네 그렇습니다. 그 전원 그 전이 35000 얼마라는 거죠? 네 맞습니다. 알겠습니다. 감사합니다. 네. 삼천리 도시가스 입니다.
요금문의,미납 요금이 있다면 납부 방법을 안내받을 수 있을까요?,정성을 다하겠습니다. 삼천리 도시가스 정사랍니다. 네 여기 미치월구 주안동이고요. 네 미치월구 주안동. 1506. 네. 411. 네 1506에 10에. 10에. 네. 202호요. 202호. 예 미납금이 있나요 혹시? 전화주신 분은 관객 어떻게 되십니까? 아 고객님 납부하실 사람이고요. 네 말씀하신 세대 이사 접수 토일날 되어있습니다. 아. 이사 완료되시면은 이제 없으실 거 같습니다만. 네. 이사 2위 한번 더 확인해 보셔야 될 것 같습니다. 네 거기는 대충 얼마 정도 나왔나요? 저번달에. 전 달 사용금액 대략적으로 안내해드리면 15만원 정도 확인됩니다. 아 네. 이사수는 되 있고요. 네. 예 감사합니다. 네 감사합니다. 네.
요금문의,입금했는데도 미납 처리된 요금 문제를 어떻게 해결하면 되나요?,정성을 다하겠습니다. 삼천리 도시가스 이영지입니다. 네 오늘 너무 전화드려서 죄송해요. 아 아니에요. 아 그 카톡에 네 사진 하나 보낸는데요. 사진 뭘까요? 카드 입금. 예. 11일 30날까나 입금 확인이 수납채널대로 줘야 되는데. 네. 그 위에 게 카카오뱅크로 입금한게 안 보이거든요? 그러면 이건 에라 남그라고 봐야 되겠죠? 흥분 이름도 없고. 잠깐만요. 납부자 번호가 뭐에요? 아 납부자 번호 안보내나? 아 여기 세자요. 아. 1월 11일꺼가 확인이 안된다는거죠? 예예. 내가 봤을때 이거 오전한거 같은데. 그거 뭐지 납부자 번호 수도 있어요. 근데 고객님 지금 이거 연락을 안주나요? 이런 거는? 일단은 잠깐만요 카카오뱅크 카카오뱅크 920. 이게 금액이 일치가 안되서 안 들어가지 않았을까요? 1511일 1511일. 98966. 1월 11일. 1월 11일 1월 11일. 4인 통금으로. 1월 11일. 그거 그지 않아도 그랬을거 같은데? 왜냐면은 자동출금 됐었잖아요. 그렇죠? 1차 한번. 41호 14543원. 그렇죠. 6일날 7일날 확인 드릴거니까. 아. 그러면 금액이 84417원만 입금해야하는데하는데. 잠깐만요. FB-9. 아 꼭 이렇게 둘이 합의를 해야 결론이 나온가 하더라고요. 아휴. 아 머리 아파. 힘들죠? 정신이 없어요 뭐. 그러니까요. 아 우리도 그렇고. 뭐 좀 하려고 그러면 전화오고 뭐 좀 하려고 그러면 전화오고 물어보고만 해놨다니까. 그게 제일 문제예요. 네. 그냥 내일만 혼자서 두고다 조용히 하면 다 풀 수 다 있는데. 그렇죠. 뭘 하려고 그러면은 이렇게 오고 뭘 하려고 그러면은 이렇게 오고 그러더라고. 아 네. 다 바쁜거니까. 그니깐. 머리가 깨지려고 해. 일단은 요거는 수납을 저희가 찾아볼게요. 아마 금액 일단은 은행에서는 입금 된걸로 됐는데 저희쪽에서 아마 미확인쪽으로 넘어가실수 있을 것 같아요. 아 그럴수도 있어요? 네 일단은 이제 수납 일단은 아니 그니깐 확인증이잖아요. 네. 완료가 됐다는 얘기고. 아. 여기쪽에서 어떤 뭔가가 이 납부자번호 성함 차이가 안됐다는 얘기기 때문에 제가 요번 확인해보고 전화드릴게요. 근데 요즘 금액 일치 안 되면 입금 안되는데. 입금이 안되는데. 네. 이게 안되는 건가 보니깐. 왜냐면은 1월 5일날에 1차 자동출금이 됐잖아요. 만얼마가. 여기. 14543원이 1월 5일날 자동출금 됐어요. 네. 그러면서 2차 때 84411원인데 1월 11일날에 이 사람이 98960원이 입금을 하니까 안 맞았겠지. 음 잠깐만요. 그럼 은행에서 이게 분명히 입금이 안되실거란 말이에요. 그거는 모르는 거예요. 또 모르는 거예요? 네. 제발 그랬으면 좋겠다. 29000003 맞나? 29000003 맞나? 29000003 맞나? 29000003 맞나? 29000003 맞나? 29000003 맞나? 29000003 맞나? 29000003 맞나? 29000003 맞나? 29000003 맞나? 29000003 맞나? 29000003 맞나? 29000003 맞나? 29000003 맞나? 29000003 맞나? 29000003 맞나? 29000003 맞나? 29000003 맞나? 29000003 맞나? 29000003 맞나? 29000003 맞나? 29000003 맞나? 29000003 맞나? 29000003 맞나? 29000003 맞나? 29000003 맞나? 29000003 맞나? 29000003 맞나? 29000003 맞나? 여기요? 네. 아 막 뛰어 댄겨요 난리야. 아 정말? 아우 집이 복치복치 복절하겠다. 여기가 터질것 같아요.   아휴 잠시만요. 여기가 너무 많아요. 그렇죠? 네. 시끄러시끄러하겠다. 아빠가 그냥. 금액이 98000 얼마였죠? 네 98960원. 98000으로 입금이 되기에도 안들어가있네 다른 그릇에 들어갔다는 얘기인데 일단은 제가 확인을 해드리도록 할게요. 네. 네네. 네.
요금문의,미납 요금 내역에 대해 상세히 안내받을 수 있을까요?,정성을 다하겠습니다 삼천리 도시가스 김희수입니다. 네 수고하십니다. 네 고객님 무엇을 도와드릴까요? 네 요금에 대해서요. 네네. 작년 1월달 요금하고. 네네. 이번달 1월 요금하고 해야해서 용량이. 네네. 작년은 448 그 그게 그 뭐라고 그래? 미터라고 그래? 뭐라고 그래요? 루데요 고객님. 예? 루배. 루배? 예. 근데 올해는. 예. 요금이 1월달에. 고객님 죄송한데요. 주소가 어떻게 되세요? 윤천시 미치홀구. 네. 평확길 76번길에 52-27호 광음사. 주안. 음 주안 팔덕 1292에 48호요. 반도가구세요? 네 광음사요 절이에요. 아 절이세요? 네. 네 주소 확인되셨고 작년 지금 21년 1월 달에는. 네. 지금 291970원 납부하셨고요. 20 가면 집에? 1월 작년에? 네 21년 1월. 1월달에 여기 나온거는 그 곳까지 나오잖아요? 이 영수증에? 네. 예 거기에 작년에 나온거는. 네. 예 이건 12월 분이라고구나 12월 분? 근데 1월 1월 분은 여보세요? 네. 448뭐로 나왔어도 뭐 이 통각 뭘로. 지금 몇월달꺼 보시는거 22년 1월달꺼 보시는거에요? 22년 1월 달꺼는 378에요. 사용량이? 네. 네네. 근데 가스 비가 435960원 나왔어요. 네네. 근데 작년 1월 달 2020일날 1월달에는. 네네. 4448일쯤 될꺼라요? 네네. 근데 작년 1월달 2020일날 1월달에는. 네네. 4448일쯤 되었걸라요? 네네. 근데 그때는 얼마가 나왔어요? 291970원. 그러면은 작년보다 더 이게 가스가 덜 썼다는 거 아니에요. 당가가 올랐어요 고객님. 그러고? 네? 당가가 올랐다고요. 네? 당가가 올랐다고요. 음 잠깐만 그렇게 많이 올랐어요? 지금 297970원 나눠기 사용량 44483원에는. 네. 거의 650원 정도 되세요. 뭐가 650원이에요? 네 당가가. 당가가. 원단 1호 했을때. 예 650원 까지인데. 예. 지금 지금 보면은 378이잖아요. 378이요. 네 그러면은 지금 빼게 하면 거의 1100원 정도 되세요. 그러면 지금은 가스가 그 일자에 1100원치긴 하고. 네네. 그러면은 1100원이 올랐다는 거에요? 작년보다? 650원에서 1100원 1350원 400원 정도 올랐죠. 네 400원까지 올랐다는거 아니에요? 네. 근데 이거 올랐다는 소리는 안하던데? 저 정보에서는? 내가 저 거니까 가스 올라왔다는 건 없나거든요? 아니요 올랐어요. 언제 올린거야 이게? 지금 날짜 옳은 날짜가 거의 잠시만요 20 여보세요? 네 말씀. 네 22년 1월달로 해서요. 1월 1일 날짜로 해서. 오늘 이번달 22년. 22년 1월 1일. 그니깐 2월 1일번호. 네 1월 1일. 22년 2월 1일이요? 아니요 1월 1일으로? 네 1월 1일. 22년 2월 1일로? 아니요 1월 1일. 1월 1일 그러니깐 22년 1월 초승 1일서부터 낼 때는 거 아니잖아요 올라서 하는 거 아니에요. 그렇죠 1월 1일 2월 1일이 아니라 1월 1일. 1월 1일. 네. 근데 제가 다른 사람이 그 가스. 네. 인터넷으로 뭐 지집어보니깐 그렇게 올랐다는 소리는 안하죠 내가. 아 그러세요? 네 내가 그렇게 물어보고 그게 그러면은. 예. 다른 데서 뭐 인터넷으로 뒤집어보니깐은. 네. 가스 요금은 올랐다는 소리는 없다고 그랬는데요. 지금 고객님께서 가정 요금은 아직 안 올랐는데 업무 요금은 올랐어요 1월 1일 날짜로. 이게 업무용이에요 여기가? 네 업무용이에요 관음사. 광음사로요? 네. 근데 업무용이 종교시설인데 무슨 업무야? 네 고객님 여기 업무용으로 되어있습니다. 근데 제가 엊그제 할 때도. 네. 종교시설로 이게 내가 그래서 이렇게 물어보는게 아니라 지금 확정한 상담원한테 제가 물어보는거냐. 네. 종교시설로 이게 내가 네. 그래서 이렇게 물어보는게 이제 그 지금 확시는 상담원으로 이때 제가 물어보는게은. 네. 제가 이게 예 법인체로 등록이 되어있어서. 등록이 종교시설로 되어있어요. 비관되어 있어요. 네. 그러면은 그거를 바꿀수 있냐는건 제가 물어보려는거에요. 종교시설이 거의 업무용이신데요? 가정용은 아니세요 고객님. 근데 종교시설 밖에 여기서 취사는 하잖아요 얘네가 취사도. 네 취소하실 수도 있으시죠 근데 개인 가정용은 아니시잖아요 고객님. 근데 종교시설이라 이거 종교시설 종교시설은 네 정보이체도 계산세가 비가 세에요. 그러면 내가 이게 업무용으로 이거 장산되는건 아니잖아요. 업무용에 들어 그 건물 자체가 업무용으로 되어있어요. 근데 비가스라고요 이거 비가스. 그거하고는 잘 모르겠는데 고객님. 비가스 그 종교시설료장. 네. 그거는 모르고 고객님댁에 그 건물 자체가 지금 주택룡 뭐 업무용 뭐 이렇게 나눠져 있는 거라서 고객님댁에는 업무용으로 되겠어요 고객님. 나누는게 두가지 주택룡 하고 업무용 밖에 안되는거에요? 아니죠 주택룡 업무용 명의부자 뭐 산업룡 여러개가 있죠 고객님. 근데 이게 업무역으로 쓰는거는 내가 여기서 거주를 하고 있는데 밖에 없고 취사하고 그러는데 그냥 업무용으로 업무용이 더 취사해보다도 더 비싸다는 얘기 아니에요? 네 맞으세요 이거는 건물 자체 처음에 도시가스 설비하셔서 들어갔을때 네 건물 자체 업무용으로 해서 고객님댁에 여기가 되시는거에요 고객님 공급자체가요. 그럼 이걸 내가 신청을 해서 업무용이 아니고. 네. 이거 이제 그거에요 종교시설에서 취사도 하잖아요 여기 취사도. 더 손님 등록만 같이 해내기고 다 부르잖아요? 네. 그러면 취사해야 되는 얘기 아니에요? 취사도 하죠 고객님. 음. 네. 이거를 업무용으로 다른 걸로 돌리려면 어떻게 신청을 해야해요? 농도변경으로 하신다고요 고객님? 그렇게 농도 농도변경으로요. 농도변경으로 그러면은 지역본도 한번 여쭤보시겠어요? 전화번호 안내해드릴게요. 네. 번호가 834에. 가만히 있어요. 834에. 3002번 입니다. 3002. 예 예. 예 03이죠? 네네. 네네. 그럼 어머니 올해는 그냥 400만 4400원이 올랐다는 거고요? 네네. 네 알았습니다 아주 고맙습니다. 네. 한번 전화 해볼게요. 네 동번호 상 없으십니까? 네 알았습니다. 네 감사합니다 상담원 윤정이였습니다. 네 좋은 하루 봐주세요. 예. 네. 1월 20일 예약
요금문의,이번에 미납된 3개월 요금에 대한 납부 방법을 알려주시겠어요?,정성을 다하겠습니다 삼천리 도시가스 윤정하입니다. 아 예 가스 여기 밀렸는데 한번 봐주실래요? 주원 4동 424에 55. 424에 55 몇 호 말씀하시는거에요? 101호요. 네 101호 성함이 임자로 시작하시나요 고객님? 예예. 잠시만 기다려주시겠습니까? 예 기다려서 감사드립니다. 네 고객님 여기객님 여기 요금 3개월 요금 확인되십니다 고객님. 아 그게 그래서 문자가 자꾸 오구나. 네 고객님 고객님 전에도 오후에 한번 전화 주셨던걸로 되어있는데 맞으세요? 어 어 왔어요어요 근데 내가 본시권에서 온줄 알고 문자로 왔길래 그 문자로 전화를 해봤거든요? 네네. 근데 본시권이 아닌가 싶어가지고. 아. 다시 전화 내가 했어요. 아예 101호. 네네. 3개월 요금이 미납이세요 고객님. 네 알았습니다. 네 궁금한 사항은 없으십니까? 네. 네. 감사합니다. 안녕히 계십니다.
요금문의,"미납 요금이 자동이체로 처리되지 않았다고 하셨는데, 정확한 미납 금액과 납부 방법을 다시 안내받을 수 있을까요?",정성을 다하겠습니다. 삼천리 도시가스. 네 안녕하세요. 네 안녕하십니까. 제가 지금 2월 20일 1월 1월 20일날 이사했는데. 예. 그때 와서 가스 검침 하고 뭐 그 돈을 얼마만 납부할 건지 뭐 보내준다고 할 거라요? 예. 근데 안 보내주고 지금 와서 그 집권 출금 어떤 날이 왔네요? 아 문자를 받으셨다는 말씀이세요? 네 집권 출소 통지입니다. 라고 지금 왔어요 조금전에. 혹시 주소가 어떻게 되세요 고객님? 전 주소가 아 매세원로 402 대동아파트 2동 602호. 아 예 그럼 제가 금액하고 전용계좌를 다시한번 문자넣어드리고요. 지금 전화주신번호로 발송해드리겠습니다.  아 지금 제꺼 주시는만한 신용도가 있는데  제가 한번 여태까지 살면서 한번 더 자동이체 했다가 이사하면서 자동이체를 해지한건데  이거 뭐 보내준다고 분명히 그 사람이 그랬고 뭐 아 아마 내가 그 1월 12호라고 1월달꺼 해서 보내드릴게요. 그거도 기다리고 있다가  어디가 그 채권주시는만 하면 다른 신용도가 있는건데 이러면 안되지 아이씨 짜증나네 1월 26일날 카카오톡으로 발송되신걸로 확인 되어서 뭐 카카오톡 쪽 다시 한번 조회해보시겠어요? 아니 그니깐 이게 지금 채권 취침으로 해가지고 카카오뱀크 뭐 922 뭐신 온게 있어요. 예. 카카오뱀크 저 계좌번호가 왔는데 지금 오늘 받은데요 이걸 오늘. 아 예 그럼 제가 다시한번. 그거만 채권 지침으로. 문자로 넣어드리겠습니다 고객님. 그거 지금 저거는 카카오뱅크는 아니구요 그거는 얼로 전화 드라는 거예요. 어 카카오뱅크를 넣으셔도 되고요. 제가 농협으로 다시 문자넣어드렸습니까? 예 지금 농협복 하나 왔네요. 예 그쪽으로 입주해주시면 됩니다. 어 저랑 그러면 안되지 신용 신용 문자인데 신용 문자인데 이거 이렇게 되고 착관주시고 신용 이쪽으로 내는데 네 알았어요. 네 감사합니다. 예. 신한연락이었습니다. 네 시스템기.
요금문의,미납된 요금이 있는지 어떻게 확인할 수 있나요?,"정성을 다하겠습니다 삼천리 도시가스 네 고객님. 예 이사 정산 요금 지금 납부 했거든요? 아 혹시 주소가 어떻게 되십니까? 네 그 동일한 테두리 빨리 좀 해주세요. 예예. 삼천리 남부 미초월구 주원 7도. 네. 1338-4. 1338에 4번지. 예 화인메일 402호. 네 전화 주시는 계산 어떻게 되십니까?결을. 네 말씀 감사합니다 잠시만 기다려 주시겠습니까? 네. 기다려주셔서 감사합니다. 네. 납부 잘 되었습니다. 네네네네. 네 그리고 저희가 이제 내일 방문해서 마지막 점검하고 차단할 겁니다. 아 그러면은 오늘 만약에 보일러는 외출 틀어놓으면 문의로 잊자 거는 어떻게 되는 거예요? 혹시 그 이후에 어 누가 쓰실 거예요? 새로 이사놓은 사람 쓰겠지 집이 후에. 일단은 고객님은 1979으로 마무리 되는 거고요. 그번호 또 본인이 명의 등록 하셔야지만 사용하실 수 있습니다. 아 예 좀 찾아놓으면은 그러면 내일 되는 거예요 사람이? 예 그렇습니다 79으로 마무리할 겁니다. 그니깐 오늘 일자 거는 혹시라도 어떻게 되는지. 아 상관없어요. 왜냐면 검침 기준이니깐. 네. 내일 저희가 방문하러 가는데. 아 보일러를 털어놨으니깐 숫자가 올라갈 거잖아요. 79부터. 예. 그렇게. 외출을 해놔야 되는데 보일러 얼리면 안 되니깐 추우니깐. 예예. 외출을 해놔야 되니깐. 아 네 무슨 말씀인지 아는데요. 네네.  일단은 79에서 마무리 될 거예요. 아 이거는 그러면은 그 새로 이사오시는 분이 부가 납부하시는 분은 되겠죠? 네 그렇습니다. 1975 부터 그분은 지나가시는 겁니다. 아 네 고맙습니다. 네 다른 궁금한 사항 없으십니까? 아 예 없습니다. 예 고맙습니다. 예예. 좋은하루 되십시요. 선생님 한가지 궁금한 점 여쭤볼게요. 네네. 계량기가 좀 오래됐는데. 예. 이걸 교체해야지 지금 가스 비가 절관이 돼요? 계량기는 부족상 아니요 그건 아니고 보일러 쪽에서 보일러 쪽에서. 아 보일러 문제요? 예. 너무 많이 나오는 거 무조건 그 가스 벨브 나 계량기 아예 상관없는 거에요? 상관이 없고요. 아 그래요? 계량기는 5년마다 예 무상으로 교체를 하실 것인데 있고 이제 요금 절감은 보일러 쪽에다가 사용법을 먼저 문의해보시고, 예. 연출이 얼마인지 이런 거를 물어보시는 되세요. 아 그 계량기는 5년마다 무상으로 교체해준 거예요? 예 가장은 무상 5년마다. 그니깐 이거 한번 더 교체 안한 거 같던데? 아 바깥에서 하기 때문에 제가 5년마다 하게 됐되 있고요. 아. 17년도에 한번에 없고 21년도에 했어요. 기사님들이. 예 바깥에서 합니다. 저희한테 저희한테 뭐 통보 안해주고 그냥 스스로 다 해주시는거에요? 예 그렇습니다 예. 아 그런거구나 네 알겠습니다 고맙습니다. 다른 문의사항 없으십니까? 예 없습니다. 감사합니다 상담원 양수경였습니다. 예 좋은하루 되세요. 감사합니다."
요금문의,미납 요금이 발생했을 경우 연체 이자나 추가 수수료가 부과되나요?,정성을 다하겠습니다 삼천리 도시가스 윤정입니다. 저 이주소 수납 환불받으라고 문자가 와가지고요. 아예 주소가 어떻게 되십니까? 그 염청구 35 418호요 벨브티온 418호. 아예 성함이 어떻게 되십니까? 대서요 고객님. 아예 지금 이사날짜랑 자동이체일자랑 겹치다보니깐. 네. 이주소 수납이 되신가 같고요 고객님. 아 예 지금 이사 날짜랑 자동이체 날짜랑 겹치다 보니까 네. 이송 수납이 되신 거 같고요 고객님. 네. 어디 은행으로 한번 처리 해드릴까요 고객님? 어 농협 은행이요. 계좌번호 말씀해주시겠습니까? 352. 네에. 0414. 네에. 6138. 네. 932요. 아 예 예금 좀은 대서양 고객님 확인되셨고요. 네. 좀 죄송하지만 저희가 환불도 시간이 정의가 있다 보니까 오늘 6시에서 7시경에 환불도 처리가 될 거고요 고객님. 네. 환불도 될 때 문자 하나 발송 해드리겠습니다. 네. 다른 문의사항 또 있으십니까? 아니요 감사합니다. 감사합니다 수납연장이었습니다.
요금문의,자동이체 실패 후 미납 요금을 해결하기 위한 다른 납부 방법이 있나요?,정성을 다하겠습니다. 삼천리 도시가스 윤정입니다. 네 수고하십니다. 네 감사합니다. 네 이거 비산 3동인데요. 예 어디십니까 비산 3동? 안양 안양. 네네 주소를 말씀해 주시겠습니까? 네 안양시 동안구 비산 3동. 네. 1044에 한일주택 4동 지침 2호. 한일주택 4동이세요? 4? 예예. 박춘님 고객님 맞으십니까? 네네. 예 무엇을 도와드릴까요? 아니 자동이체를 해놨는데. 예. 가스 여기 나간 날짜가 언제에요? 고객님 댁은 11일 날이 납부일입니다. 아 근데 저희들 언제고 11일 날 돈이 나와요.. 그래서 그러면 그때 되면 이거 돈을 안빼간가요? 네 11일 날이 납부일이고 10일 후에 한번 더 재인출이 있기는 합니다. 고객님. 아니 내가 요거 자동이체가 되어있죠 지금? 네 되어있으세요. 그러면 어떻게 해야 된가요? 언제고 언제쯤 11일 날 돈이 나오니까 그러면 그걸 어떻게 해놔야 11일 날 돈 빠져나갑니까? 음 날짜 변경은 안되세요. 아. 그래서 고객님 댁은 2차에도 출금이 안되네요. 어머 그럼 어쩌게요? 그러면 자동이체로 납부하는건 조금 어렵지 않을까요 고객님? 그러면 납부로가 세아든가요 아이씨 노인네가 어떻게 맨날 그렇게 다녀 그럼 그걸 어떻게 벌릴수 없고 10일 아 네 그때 그때일밖에 안된다 예예 그렇습니다 그래 지금 우리 지난달은 안됬죠. 잠시만요 고객님. 네 좀 봐주세요. 그동안에 고객님. 예. 그 에너지 바우처 있잖아요? 예. 네네 에너지 바우처에서 이제 지원을 조금 받아서. 예. 거기서 조금씩 차감을 했거든요? 예예. 예 그래서 자동이체에서는 출금이 안됐었는데. 네. 다 사용하고 지금 1월에 38450원이 미납이 됐고요. 예. 2월이 이번에 이제 10일까지 납부할 요금이 108700원 또 있어요 고객님. 그럼 하체가 얼마요? 지금 총 금액이 14750원을 납부하셔야 돼요. 이걸 갖다가 해야한다고? 근데 여보세요? 네네. 내가 노인 애가 뭐 해서 그걸 가서 우측이 가서 자동이체를 해놨는데 맞는일날로 안되면 그러면 그걸 어떻게 해놔야 11일 날 빠져나가게 할수가 있나요. 음. 말일날. 네. 이체는 입금을 해놓으면. 네. 동랑에 뭐 들었어요 지금. 어 11일 날 출금이 되는데요. 잠시만요. 아 근데 우체구 공객님 저희가 바로 출금을 해드릴수가 없어요. 근데 거기서 자동이체 출금이 되요. 네? 11일 날 출금이 된다고요 고객님. 우체국에서? 네네 그냥 두면. 예. 이제 11일 날 며칠 안 남았잖아요. 예. 예 그날 출금이 됩니다. 그럼 그대로 가서 나도 그래야 되겠네요? 네네 그대로 주시면 돼요. 예 매달 매달 그렇게 좀 해주시거나 못걸어요. 다리 아파가지고. 네네. 부탁드릴게요. 네. 네 잠깐만요. 네. 네. 감사합니다. 상담원 이민정입니다. 네 고맙습니다. 우리는 10일 날인데 빠를날을 해놓으니깐 연체가 되도 맞을 게 없어요.  
요금문의,"미납 요금이 없다고 하셨는데, 혹시 이후에 추가로 미납된 요금이 발생했는지 확인할 수 있을까요?",정성을 다하겠습니다 삼천리 도시가스 현정입니다. 아 저기 제가 납부하면서 받았는데 미납요금이 있어가지고 그거 지금 수납했거든요. 아 네네 납부자 번호 불러봐 주시겠습니까? 잠시만요. 아니면 주소 알려주시겠습니까? 30. 네네. 3050. 3050 네. 27253이요. 27253번이요. 성함 어떻게 되십니까? 이사정산이요. 네 미납없이 다 2월달꺼까지 납부 되셨습니다. 네네. 어떤 내용 보여드리면 되겠습니까? 아 제가 그거 아까전에 그 납부 내역서 2020년 4월부터 지금까지 낸거. 20년 4월부터요. 예예. 팩스로 부탁드렸는데 미납요금 있어가지고 다시 부탁드릴게요. 아 내역서를 잠시만요 제가 좀 찾아볼게요. 2020년 몇월부터요? 4월이요. 4월부터 언제꺼까지 보내드릴까요? 지금까지요 현재까지. 현재 22는 2월꺼까지요? 네네 맞아요. 20년 4월부터 팩스로 보내드릴까요? 네. 네 번호 몇번이십니까? 0504. 0. 504. 0504 네네. 336에. 336에. 60002번이요. 6002번이요. 네. 네 저희가 지금 전송해드렸고요. 네. 네네 확인해 주시기 바랍니다 고객님. 네 알겠습니다. 더 필요한 사항 없으십니까? 네. 감사합니다 상담원 윤정이였습니다.
요금문의,요금 미납 시 어떤 절차로 상담을 진행하면 될까요?,정성을 다하겠습니다. 삼천리 도시가스 정수경입니다. 아 예 요금 미납때문에 전화드렸는데요. 네. 원래 오늘 아침에 내려고 주사 취소 내려고 했는데요. 네. 제가 입장에 틀려서 사마차 거만 먼저 내려고 해요. 혹시 문의하시는 주소가 어떻게 되십니까 고객님? 여기 인산남구 굴주필 94번길 14-1이요. 네 호일스가 네 몇 호십니까 고객님? 201호는 될꺼에요. 아 그러시면 이부분이 고객님 제가 답변을 도와드리기는 어려우시고요. 담당분호가 따로 있으시기 때문에. 네. 연락처를 말씀드리겠습니다만 메모 가능하십니까? 어 바로 연결은 안되나요? 네 죄송합니다만 시스템서 전화를 돌려드리기는 어려우시고요. 혹시 메모가 어려우시면 제가 연락처 문자로 발송해 드리면 되겠습니까? 네 그럼 문자 발송 해주세요. 알겠습니다. 다른 궁금한 사항 있으실까요? 아니요. 네 감사합니다. 상담원 정사랍니다. 
요금문의,"자동이체로 요금이 결제되었다고 했는데, 결제 내역 확인은 어떻게 할 수 있나요?",정성을 다하겠습니다 삼천리 도시가스 김연수입니다. 아 여기 핸드폰에. 네네. 저기 연락드린다고 떠서 전화드렸어요. 핸드폰에 연락드린다고요? 연락드린다고 떠있어요 여기가 저기 삼천리 도시가스에서. 1544 3002번으로 발신번호가 됐나요? 그런거 같은데. 주소가 어떻게 되십니까? 저기 주안 1동 75-68번지 파라다이스요. 네 몇 호십니까? 301호. 오늘 문자 나온거는 없는데 발신번호가 15443002번인가요? 예. 문자 내용이 어떤 내용이십니까? 요금 요금이 그 세입인거 같은데 요금이 미납인가 어떤거지. 고객님께서 금액 지금 2월달 고지서 카톡 알림톡 받으신거 아닙니까? 예. 카톡 받으신거에요 고객님? 네. 고객님께서 2월달 고지 내역 발송해 드린 것 같습니다. 없어요? 2월달 고지서. 예. 166840원짜리 고지서 받으신 거 아니십니까? 자동이체 시키나 모르겠는데요 잘. 그니깐 고객님댁에 지금 오늘 발송된 내용은. 네. 고객님댁에 전화를 드리라고 한게 아니고요. 네. 지금 2월달 고지서 나가는거라서 167840원 카톡 고지서 보내드린거고. 아. 근데 자동이체 되어있는거 확인되셨고. 예 어디로 돼있어요? 카드 자동이체로 되어있습니다. 카드 신용카드요? 네 맞습니다. 아 그럼 나 지금 잘못됐나 싶어서 신용카드 들고 앉아서 그쪽으로 옮기려고 지금 들고 앉았죠 근데 아 자동으로 빠져 나가서 지금 빠져 나간다고 연락이 된 거예요? 2월달꺼? 네 2월달 고지서를 받으셔야지 납부하실 수 있으시니까 2월달에 된 내용 고지서를 발송해드린거밖에 확인 안됩니다 고객님. 아 그러면은 밀린게 없고 거기서 자동으로 카드에서 빼가시는거죠? 네 맞습니다. 아 그럼 나한테 밀려갖고 또 가스 끊을걸 몰라가지고 지금 보셨어요. 네 동의만 못드렸습니까? 예 예예 네 감사합니다 상담원 윤정이였습니다. 예 수고하세요. 네. 예.
요금문의,외출 모드로 설정했는데 예상보다 요금이 많이 나온 이유를 더 자세히 알고 싶습니다.,정성을 다하겠습니다 삼천리 도시가스 이영은승입니다 무엇을 도와드릴까요? 아니요 좀 여쭤볼게요 집에 사람이 안 살고 외출로 해놨는데 가스요금이 8만 넘게 나왔어요. 그 그게 그 사람이 안 살아서 동화될까봐 외출 모드로 해놓으신 거잖아요. 네네. 그러면 그 외출 온도가 몇 도인지 모르겠지만 사람이 안 살면 온기도 없잖아요. 네. 그럼 그 외출 모드 설정한 온도 때문에 보일러가 이제 돌아갔을 거예요. 네. 근데 혹시 지금 주소가 어떻게 되세요? 주소요? 네네. 인천 미천리 도로네. 266번길. 51-5. 51-5. 152이라고 고정자 숫자님 되세요? 네. 아 85330원 저희가 발행이 됐는데. 네네. 아마 그 보일러 설정된 온도가 있어서 돌아간거 같거든요? 온도 설정이 보일러 외출이잖아요. 예예. 어저께 보일러 꺼놓은건 아니잖아요 동파될까봐 들어놓으셨던 온도잖아요. 예예. 그럼 외출 모두 온도가 있어요. 그 아니 그 외출 했는데 온도 따라서 돈이 나가요? 그렇죠 예 만약에 그 외출 온도가 13도잖아요. 네. 그러면은 영하 지금 막 10도 이렇게 되잖아요. 예예. 그럼 영하 10도에서 13도를 맞춰줘야하잖아요 그래야 지금 저 보일러가 틀어지지 않잖아요. 예. 그럼 그 사이 때문에 돌아가는 거예요. 동일하게 이 요금 1월달에 쓴 요금 1월달에 한파도 조금 했었잖아요. 네. 그래서 더 돌아가지 않을까 합니다. 아휴 그래도 너무 많이 나오네. 그러니까 쓰지도 않는데 빨리만 돈 내기는 저도 만 182장에서는 많긴한데 그런 경우에요. 실제로 더 고지하시면서 더 생활하시는 분들은 더 많이 나오기도 하고 요금 때문에. 아 네 알겠습니다. 네 감사합니다 상담원 양수이었습니다.
요금문의,전월 미납 요금이 카드 자동이체로 결제되지 않았던 이유가 무엇인가요?,정성을 다하겠습니다 삼천리 도시가스 상담원 최지영입니다. 네 저 다름이 아니고요. 네. 제가 저기 토구로 저기 하는 거 그걸로 했는데 뭐가 내가 잘 못하나봐요. 죄송합니다 주소가 어떻게 되시나요? 이 경기도 화성시 저기 동탄 원천도 338-10번지. 네 몇 동 몇호십니까? 707동 1203호요. 성함이. 박중순. 지금 현재 계량기 숫자 얼마입니까? 잠깐만요. 예. 470이요. 440? 아니 470. 아 470이요? 네 470까지 대략적인 금액 안내를 해드리겠습니다. 잠시만 기다려 주시겠습니까? 예 고객님 대략적으로 지금 미납이 있어요. 왜요? 19000원 요금 납부 안되어있는데요 카 결제 잠시만요. 자동이체 돼있어서. 그러니까요 잠시만 기다려 주세요. 네. 지난 2월 요금 자동이체가 예금이 아 카드 자동이체를 늦게 신청을 하셔서. 아닌데 이거요 계속 언제부터 했는데 오래됐는데 가지고 자동이체가 예금이 아 카드 자동이체를 늦게 신청을 하셔서. 아닌데 이거요 계속 언제부터 했는데 오래됐는데 가지고 자동이체가 예금이 아 카드 자동이체를 늦게 신청을 하셔서. 아닌데. 이거요 계속 언제부터 했는데 오래됐는데 가지고 자동이체. 잠시만요 잠시만 기다려 죄송합니다. 제가 잘못왔네요 잠시만요. 카드 유효기간이 경가된 카드세요. 뭐야 그럼 어디깔로 되어있어요? 그 저기. cc카드. cc카드 어디꺼에요? 국민꺼에요? 저기 농협꺼에요? 저희는 그냥 뷰시카드만 확인되고 있습니다. 어 근데 그럼 어떻게 알아봐야 되게요? 어디 하오래되가지고 여기 10년월월. 제가 이거는 해지해드릴수가 있거든요. 아 해지해보고 그러면 지금 다시. 신청 도와드릴게요. 아 그러면 되겠다 계좌로 다시 가르쳐드릴게요. 예 해지해드렸습니다 그러시면 통장으로 하시겠습니까? 카드로 하시겠습니까? 아 카드 농협 카드로 해도 되나요? 가능하세요 고객님 카드시면요. 네네네. 고객님 생년월일 어떻게 되십니까? 591227. 예 농협 카드번호 지금 말씀해 주실 수 있으신가요? 네 잠깐만요. 예 기다리겠습니다. 이거 저기에 하면 되죠? 이거 지금 농협카드 내가 쓰고 있는거. 네. 근데 이거는 카드번호가 어디죠? 카드번호 없 그럼 유효기간이 적어되갔지? 어떤 건지 모르겠는데. 그 유효기간 써있는거 있잖아요. 네네. 그거가 많이 남은거 말씀해주시면 되잖아요 그 카드 번호를. 이게 새로 이게 먼저께 54302인데 이게 이게 나중에께 새거 새거 저기 뭐야 팩스가 안 떨어진거 보니까 이게 나중에 온거 같아요. 예. 한번 확인. 네. 불러드려볼까요? 예. 5430. 예. 앞에꺼 쭉 불러주면 되죠? 예. 17 03. 예. 8916. 네. 0417. 예 이요기간 말씀해주시겠습니까? 1126. 예 잠시만 기다려 주시겠습니까? 네. 네 농협카드 확인되었고요. 고객님의 개인정보 접수시 개인정보 보호법에 의거 고객님의 동의를 받도록 되어있습니다. 고객님의 개인정보는 신용카드 자동이체 업무를 여여 쓸 때면 신용카드 세입 이댁 처리 좀 더 동의하십니까? 네. 예 미납되신 19000원 요금 더하기 새로운 요금 같이 해서 고객님 요번에 아까 4701호 말씀해주셨잖아요? 네. 예 그래서 미납되신. 4701호. 네 그러면 17400원 정도 되고요. 네. 예 그래서 여기에다가 19000원을 확인되니까 총 36400원 정도가 이체될 거예요 결제가. 고객님 다른 문의사항은 없으십니까? 네 이거 하면 이제 앞으로 계속 농협보를 나오는거죠? 예 맞습니다. 이 카드에서 빠져나가는거죠? 그렇죠 맞습니다. 아우 이거 카드 여러개 쓰면 안되겠네. 아휴. 헷갈려서. 맞습니다 다른 문의사항 없으십니까? 네 그리고 그러면 전 카드를 버려야 되네 이거 농협가서 확인하고 버려야 되겠어. 아우 맞다맞다. 알았습니다. 좋은하루 되시고요 전 상담원 최지현이었습니다 감사합니다. 네.
요금문의,기존의 미납 요금을 부분적으로 납부할 수 있는 방법에는 어떤 것이 있나요?,정성을 다하겠습니다. 삼천리 도시가스 정사랍니다. 아 네 여보세요? 네. 네 저기 미납요금때문에요 자동이체가 네. 안 빠져서 요금이 미납이 됐더라고요. 네. 네네. 네 칼슘 빌라 1동 502호 맞으십니까? 네네네. 명의자 분 성함은 어떻게 되십니까? 아 운영이요. 네 확인 감사합니다 지금 요금 3개월 분 확인되고 있으신데요. 네. 어떤 부분 확인해 드리면 되겠습니까? 아 미납요금을 나눠서 낼 수 있나요? 일단 한달 분 먼저 납부 되실 경우에 중단되진 않기 때문에. 네. 일단 한달 분 먼저 납부해 주시고 차가스 요금 납부해 주셔도 관계는 없습니다. 네 근데 제가 자동이체가 되어있는데. 네 자동이체가 몇칠이죠? 매달 10날입니다 지금 내일 나갈 예정이시기 때문에. 네. 네 고객님 일부 요금 넣어놔주시면 내일 인증되실겁니다. 아 요금 아 그 자동이체가 있는데. 네. 그러면 내일 27만 얼마가 한번에 다 나가나요? 네 지금 만약에 잠구가 다 있으실 경우는 있으신 금액이 다 출금됩니다. 아 그러면. 네. 제가 먼저 오늘 한달 분을 내면은. 그러시더라도 정보가 있으시면 출금 되시기 때문에 자동이체를 들고 지금 해지하셔야 되세요. 아 아니아니 자동이체 그냥 놔두세요. 아 그러세요 네 확인 한번 하시고 납부해 주시면 되겠습니다. 아 근데 한달 분이 제가 얼마인지 모르는데. 아 그러세요 제가 이제 월별로 한번 문자로 넣어드리면 되겠습니까? 네네네네. 그럼 어떤거부터 내야하나요? 네 맨 처음꺼 12월부터 납부해주시면 됩니다. 아 네 알겠습니다. 네 감사합니다. 감사합니다. 그럼 뭐 계좌까지 계좌까지 같이 보내주실까요? 네 계좌 같이 발송해드렸습니다. 아 네 알겠습니다. 네 감사합니다. 
요금문의,미납 요금이 있는지 어떻게 확인할 수 있나요?,정성을 다하겠습니다. 삼천리 도시가스 윤정. 네 안녕하세요. 네 안녕하십니까 고객님 무엇을 도와드릴까요? 예 그 뭐야 가스요금 확인좀 해보려고 그러는데요. 주소가 어떻게 되십니까 고객님? 인천 연수부. 네 연수부. 연수 1동. 연수 1동. 496-1. 496-1번지. 305호. 305호. 성함이 이 근자로 시작하십니까? 예 예. 기다려주시겠습니까? 예. 네 기다려주셔서 감사합니다. 네 오늘 그 주인분이. 예예. 계량기 숫자 564로 불러주셨고요 고객님. 네. 메모 가능하십니까 262900원 안내해드린 걸로 확인되십니다. 이게 그게 언제 제가 1월 4일날 809310원인가 요금 납부했는데. 1월 7일까지 고지된 금액 18820원 남아있는 거 있으시고요. 네. 1월 8일부터 오늘까지 금액 총 금액을 안내해 드린 걸로 되어있습니다. 네. 아 그러면 1월달치하고 지금 언제 사용한거에요 이게? 고객님은 죄송한데 메모 가능하십니까? 월별로 안내해드릴까요? 11월 고지분이 11730원 확인되시고요. 네. 12월 고지분이 76390원. 1월 고지분이 92700원. 네. 3개월 요금 미납으로 되어있던거 있으셨어요 고객님? 제가 지금 그 그 그 삼천리 도시가스 톡 받은게 있는데. 네. 1월 4일날 89300원을 납부를 했어요. 1월. 4일날. 1월 4일날 납부하신거는 없는데요 고객님 어떻게 납부하셨다라고 어떤 방법으로 아 제가 입금을 했죠 잠깐만 제가 삼천리 도시 도시가 왔는데 네. 그래서 제가 어 잠깐만. 네. 납부 납부일자 2022년 1월 4일 납부금액 89830원 주소 인천 연수구 연수 1동 48. 그거를 납부했다는게 아니고 고객님 미납있어서 문자 받으신거 아닌가요? 아 여기 489팔구-1번지 네 302호. 주소지가 다른 겁니까? 네 주소지가 다른가 봐요. 여기는 납부 되신 게 없으세요 고객님. 아 이거. 근데 오늘. 납부가 한번도 안되셨는데. 네 납부 안되셔서 오늘 2629000원 안내해드린 금액이세요 총 금액 가산금이랑 같이 아니 다른 데는 납부 이거 문자가 오고 그래서 제가 납부를 다 했는데 여기는 고지서 발송되는 세대로 확인되시는데요. 아 그래요? 네. 아 예 이게 지금 뭐야. 302호네 거기는 305호죠? 네. 네 알겠어요. 네 궁금한. 얼마라고요 총? 메모 받으세요? 총 얼마라고요? 6629원입니다. 아 예 알았어요았어요 네 궁금한 사항은 없으십니까? 예. 감사합니다. 네.
요금문의,요금을 미리 선납하고 싶다면 어떻게 해야 하나요?,정성을 다하겠습니다. 삼천리 도시가스 정연입니다. 네 안녕하세요. 네 안녕하세요. 그 도시가스죠? 네 도시가스입니다. 아 조그맣게 전화했던 사람인데. 네. 여기 미추월구 신기길. 네. 49번길 19번이요. 네. 어 전화했던 사람인데. 네. 이게 지금 돈을 어 2달 2달 20일 좀 붙여도 되나요? 네 20일까지 납부해 주셔도 됩니다. 아 그래요? 네. 아 네 알았습니다. 네 감사합니다. 네.
요금문의,미납 요금이 발생하면 어떻게 통보받을 수 있나요?,정성을 다하겠습니다. 삼천리 도시가스 서지영입니다. 예 제가 가스 그 결제일이 나가는거 저기 뭐야 통장에서 계좌이체 되거든요. 네. 근데 그게 결제일이 매월 몇일 날인가요? 매달 25일 입니다. 아 25일이요? 그러면은 지금 12월 1월 분이 다 결제가 됐나요? 네 납부되어 있습니다. 아 그리고 그러면 이달 거는 얼마가 지금 나와있나요? 이달은 아직 검침기간이기 때문에 요금이 확인되지 않습니다. 어 그러니까 저기 뭐야 2월 1월 8일에서 2월 6일까지인데 아직 안 나왔어요? 아직까지요 저희가 6일에서 8일 사이 3일에 거침을 합니다. 아직 검침 기간이 안 끝났기 때문에 확인을 해드리겠습니다. 아 네 알겠습니다. 네 감사합니다. 네.
요금문의,미납 요금에 대한 상세 내역서를 이메일로 받을 수 있나요?,네 삼천리 도시가스 박화영입니다. 네 이거 미납요금도 문의하려고 하는데요. 잠시만요 고객님 주소가 어떻게 되십니까? 위치월구 관교동. 네. 484-4번지 3층이요. 484-4번지. 4번지 잠시만요. 3층이요? 네. 301호 우리 여기 안순경 고객님 맞으신가요? 네 맞아요. 네네네 우리 고객님 어 어. 잠시만요. 네네 우리 지금 3개월치 미납이 되어있습니다 고객님. 예. 그니깐 그 용지가 아버지가 용지가 안 날라가서 못 냈다고 하는데. 저희가 요금 고지서가 지금 종이 고지서로 되어있으세요. 오빤 고지서요? 종이 고지서로 되어있으시다고요. 그니깐 종이를 안날라가서. 그러면은 만약에 거기 세입은. 네. 그 뭐냐 분실이 됐을 수도 있고요. 네. 네네 저희 검침 저기 점검원드 저기 고지서 발행을 만일경리해가지고 요가 오늘 다 세분이 되거든요. 네. 네 그래서 그 부분은 지금 정확하게 어떻게 할 수가 없고 지금 3개월치 미납요금 53540원인 아니 536540원이 남아 있거든요? 이게 3개월치 라고요? 네네네. 아니요 3개월치에 열집고는 아무것도 계속 접수가 없어져서다는데 말이 되지 않는데. 아 3개월동안 지금 고지서를 한번도 못 받으셨다라는거에요 고객님? 예예. 아 아이고 그 일단 제가 아니 근데 아니 봐봐요. 네네. 3개월동안 이거 좀 만약에 이렇게 돈을 안냈으면. 네네네. 전화라도 한동 주동가 검사 문자로 예 돈을 안내냐고 얘기를 해도 되죠 그니깐 저희는 아버님 죄송하지만 고객님. 네. 고지서 이제 발행은 이제 저기 점검 검침하는 분들이 이제 보내드리잖아요. 예. 근데 이제 요금을 한달 미납 한달 미납 전화를 드리는게 아니라 3개월에 체납이 되면은 이제 잠근다라는 문자가 그때 들어가기 때문에 요번에 이제 명자를 받아보신거 같아요.  저기 3개월치 미납이잖아요. 그. 네네. 얼마가 붙은거에요? 플럭서로? 가산금이 30984원이 붙었습니다. 300 얼마요? 30984원이요. 영수증을 보내놔야하나 영수증. 영수증 좀 보내주실수 있어요. 네네네 내일 이제 기관님 편으로 해가지고. 네. 고지서 발행해서 그러면은 보내드릴게요 고객님. 3개월치가요? 네 3개월치 같이 거기에 있고 입금 전용계좌. 아니 3개월치요 있는데요. 네. 매달꺼는 해서 다 보내주라고요 매달꺼. 아 매달 발행으로 해가지고요? 네네. 아 근데 이게 요금을 내실 때는 매달 하나하나로 낼 수는 없어요 전체적으로 내셔야해요. 아니 그래도 한달에 어떻게씩 해주야지 저희가 알거든요. 그냥 요금 고지서 하고요. 네. 한달에 얼마 사용했는지 내역서랑 같이 해가지고 고객님한테 보내드릴게요. 네 그렇게 해도야지. 네네네. 아니 그러고 3개월치고 안냈으면. 음 네네. 뭔가 방침을 내야지 이렇게 무생리 해놔보면. 제가 그것도 다음 요번달 이제 검침하고 나서. 예. 그 검침원 할때도 고지서 지침 재확인 한번 좀 해달라라고 다시 한번 더. 아 네 지금까지 연출결제 따로 이래 본적이 없는데. 네네네 근데 검침원도 바뀐적이 없습니다 고객님. 아이구 우리도 바뀐게 없어요 생년 이래 본적이 없는데. 음. 막 삼계어체 넣어놓으러 가서 50얼마신 내라고 그러니깐 상관하잖아 이게. 아 그렇죠그렇죠 고객 무슨 문자 문의 하다가. 아 그러게요. 일단 저기에서 문자 보내드리고요 내일 고지서 해가지고 기사님 편의로 해갖고 보내드릴꺼에요? 고지서고 뭐 똑같이 해야지. 아 네네 죄송합니다 고객님. 아니 나 지금 여기까지 해본적이 없는데. 음 음 네네네네네 네 일단 네네 죄송합니다. 네네. 내역사고 네네 내역사고 같이 해가지고 내일 보내드릴게요. 네. 네 그것도 좀 더 이렇게 고지서 발행했을때 신경쓰겠습니다. 네. 네.
요금문의,미납 요금이 있는 경우 납부 방법에 대해 알려주세요.,정성을 다하겠습니다 삼천리 도시가스 윤정입니다. 네 제가 2주 납입이 2주 납입이 됐는데 어떻게 해야 될까요? 주소가 어떻게 되십니까? 어 신의도 303-6번지 203호요. 네 고객님 등록되신 분 성함이 어떻게 되십니까? 동회요 고객님. 아 요금을 따로 계좌이체하신 걸로 되어있는데 자동이첲에서 한번 더 인출 되신건가요? 네 카드에서 빠지고 제가 입주하고. 아 그럼 저희가 자동이체에서 인출 되시면. 네. 금액결제원에서 넘어오는데 기간이 2 3일 정도 걸리기 때문에. 예. 한 늦어도 수요일까지는 환불도 처리 가능한데 괜찮습니까? 아 그럼 제가 전화 따로 안해도 되나요? 아 예 혹시 어디에든 거래하시나요 고객님? 어 그 카톡백 하는데. 계좌번호 말씀해주시겠습니까? 아 네네. 3334개. 네에. 14. 14. 1045. 네. 014요. 014. 예 아 예. 그럼 저희가 환불도 될 때 문자 하나 발송해드리겠습니다. 아. 네. 예 알겠습니다. 네 다른 문의 사항 또 있으십니까? 어 예. 감사합니다. 네. 신한연락이었습니다. 네.
요금문의,이번 달 요금 납부 후 남은 미납 요금은 어떻게 되나요?,정성을 다하겠습니다 삼천리 도시가스 김희수입니다. 여보세요? 네 안녕하십니까? 네 좋은 많으십니다. 네 무엇을 도와드릴까요? 예 고객 번호가요 납부자 번호가 303. 303. 011. 011. 902. 902번이십니까? 예 그런데요 종 12라고 어때서 종 분식이라고 되가 있어요 그 있어요 그 납부자가 고객님이. 네네. 예. 이 가스 요금을. 네네. 고지서가 나는데 302440원을 받아서 사용하는 사람은 돈이 없거든요. 네네. 예. 저 지난달 그 밀린게 있지 이거 밀려 밀려 제일 먼저 밀린거부터 좀 내주록 분할해서 여름인줄 알아봐 월날을 안빼니까 분할해서 내주록 좀 만들어 주면 좋겠네요 선처래서 아 2월달 먼저 납부하시면 되겠습니다 가만히 내가 2월 2월 분 2월 분이 얼마입니까 12199090원입니다. 121990원. 예. 이걸 계좌번호로 어떻게 잘 계좌 이체를 아시는거에요? 여기 용지에 있는데로 들어가십니까? 네 거기 입금 전용 계좌번호 확인되십니까? 예 농협 97901055 105 16. 790인데요 고객님? 예 790. 네. 105. 네. 16. 네. 919. 네. 109. 예 맞습니다 그쪽 입금 전용 계좌로 2월 분 납부해 주시면 되겠습니다. 예 지금 이거만 우선 좀 해도 들어가시는 거 아니에요. 그걸 좀 해도 될 것 같고 그다음에 또 돈이 가하는 걸 또 다른 분 108300원을 내고 이렇게 좀 문활로 내고 있을 수 있도록 좀 도와드모실 수가. 그럼 요거만 이렇게 좀 내주면 되겠습니까? 네 맞습니다. 예 감사합니다. 네 전화주신 분은 관계가 어떻게 되시는 건가요? 아 그 그분 제가 그분 그 오빠 되는 사람. 아 송번식씨. 그분도 예. 그분도 나이 그분도 나이가 72 살인가 그래요. 아예 알겠습니다. 예 할머니인데. 네네. 그래서 내야 돼요. 예 때날 땀을 거래가지고 내일 제가 예문 되겠나요? 네 맞습니다. 예 감사합니다. 네 동관사항 없으십니까? 때날 상담원은 아가씨 성함이 성취가 우지잖아요 너무 친다라고 고마워서. 상담원 김인숙입니다. 이? 김인숙. 아예 고맙습니다. 네. 감사합니다. 네. 복 받고 행복하세요. 네 고객님께서 좋은 하루세요. 예. 예 상담원 이였습니다. 예. 예.
요금문의,이번 달 요금 납부일이 지난 후에도 자동이체가 되지 않은 이유가 무엇인가요?,정성을 다하겠습니다 삼천리 도시가스 김이수입니다. 이번달 요금 얼마씩 나온가 확인해볼게요. 요금 문의하시는겁니까? 예. 주소가 어떻게 되십니까? 이쪽 여기 이처호이자고 오늘 주소가 어떻게 되십니까? 575번길. 어 그래서 201호. 201호요? 예. 주소 확인되셨고 지금 4월달께 79500원 납부하셨고요. 납부했어요 고객님? 네 납부 되어있으신데요? 네 며칠 날 며칠 납부했어요. 지금 카드 자동이체 되어있으셔서요 고객님. 지금 신한 카드로 자동이체 되셨습니다. 며칠 날 자동이체 돼요? 여기 납부일자가 매월 5일이라서요 고객님 5일날 되셨습니다 고객님. 근데 아직 돈은 빼요 안 빼갔네. 몇일날 빼가지 이거? 27일 빼가는거 같은데. 다시 언제 빼가지 이거? 다른 문자 때문에 나은데. 지금 저희가 청구한 거는 4월 1일로 되어있습니다 고객님 카드 명세서 보시면 알수 있을 것 같으십니다 네 잠시만요 네가 몇 호나이 필요한다고요 5일이요? 자동이체가 납부 막음일은 5일이신데요. 예. 카드는 2 3일 정도 빨리 청구 들어갔는데 022끊다보면은 좀 빨리 될 수 있어요 이번달 4월달 거는 4월 1일날 청구 들어간걸로 확인됩니다. 뭐가 맞네. 빨리 들어간다고 근데 요금 잡게 나오는게 아니죠? 네 그러고 나왔어요. 그러면은 709000원 빠졌나갔어요? 네 709500원. 예 알겠습니다. 네 동호하시거 없으십니까? 
요금문의,지난달 요금이 미납된 이유를 알 수 있을까요?,정성을 다하겠습니다. 삼천리 도시가스 최지영입니다. 아 예 뭐 좀 물어볼게요. 네 고객님. 제 저기 가스 카드 입금체는 어느 언어 카드로 다 나가나요? 여보세요? 하이캡스 B동 401호 말씀이십니까? 예예 예예. 등록되어있는 카드는 신용 카드라긴 되십니다. 근데 지금 거기 지난달꺼 빠져나갔어요? 잠시만 기다려주시겠습니까? 예예. 지난달 요금 납부 처리 안되셨습니다 고객님. 어 그래요? 그게 제가 그 카드로다가 되는거죠? 신용카드. 네 신용카드이신데 사용안하시는 카드이신가요 혹시? 예 그게 제가 보이스타임을 당해가지고 그 저기를 제가 정리를 해놨어요. 아 그러니깐 안못나가실꺼에요 그래서 그거를 국민 은행으로 다 한번 해주실래요? 은행으로 변경해드릴까요? 예예예. 바로 변경처리를 도와드리겠습니다. 예예. 고객님께서 실제 본인 되십니까? 예예. 등록되서 신용카드는 해주셔야 될꺼고요 국민 은행으로 변경처리 도와드릴텐데요 개인정보체로 동의하십니까? 네. 등록하실 국민 은행 계좌번호 말씀해주시겠습니까? 예 6798. 6798. 25. 25. 93. 93. 126707. 126707번 되시고 생년월일은 어떻게 되십니까?  5601227. 자동이체 등록 동의절차 진행 하도록 하겠습니다. 안내명의 좀 듣고 안내주 나원의 숫자 두 자리 입력 부탁드리겠습니다. 네? 안내명의 좀 나원의 숫자 두 자리 입력 부탁드리겠습니다. 예. 김승식 고객님은 삼천리 사용 요금 자동이체를 국민연행 예금주 김승시님에 6 7 9 8 2 5 9 3 1 2 6 7 4 7 계좌로 등록 신청하셨습니다. 자동이체 등록을 동의하시려면 5 4번을 눌러주시고 거절하시려면 우물정자를 눌러주시기 바랍니다.  김승식 고객님 자동이체 등록을 거절하셨습니다.  어 고객님 어떤 문제가 있으십니까?  어 제가 잘못들어가지고요. 어 5 0? 어 뭐.  연결하실자마다 숫자가 또 달라지실거 다시 지금 연결해 드리면 다른 숫자가 나오실텐데요. 예예. 아 죄송합니다 다시 한번 연결하도록 하겠습니다 고객님 안내주시고 숫자 두 자리 명의 부탁드리겠습니다. 예예. 김승원 시 고객님은 삼천리 사용 요금 자동이체를 동이는행 예금주 김승식님에 6 7 9 8 2 5 3 4 2 6 7 9 7 계좌로 등록 신청하셨습니다. 자동이체 등록을 동의하시려면 5 6번을 눌러주시고 거절하시려면 우물정보를  김순식 고객님 자동이체 등록이 완료되었습니다. 감사합니다 고객님 자동이체 등록 처리 완료되셨고요. 예. 어제 납부 안되신 금액과 당월분 합자가 한꺼번에 자동이체 처리될 예정입니다. 근데요 이거요 15일 날진만 빠져나가게 해주시면 안될까요? 어 저희가 날짜 지정해도 변경수행되지 않으시고요. 오늘 잠구 있으시면 오늘날자로 인출해드릴까요? 지금 잠구가 없어서. 어 그럼 잠구 있으실 때 다시 한번 전화드리겠습니다 고객님. 어 그래요? 아 네 자동이체는 납부나서 맞춰서 인출하는 부분이시기 때문에 그거보다 빨리 결제가 필요하신 경우에는 다시 한번 전화 부탁드리겠습니다. 아 그래요? 네. 그럼 지금 안되면은 그럼 언제 하지? 21일 날 인출 되실겁니다. 아 21일 날이요 그럼 21일 날 두달치에 다 빠져나가는거죠? 예 그렇습니다 고객님. 그럼 이달에는 얼마가 나온거에요? 지난달 76640원과 당월 분 78280원에서 총학계 148920원입니다. 예 21일 날 빠져나가요? 네 그렇습니다 고객님. 예 그렇게 해주세요 그러면 21일 날 빠져나가게. 아네 다른 궁금한 기간 없으십니까? 예 없습니다. 한달 문의 틀렸습니다 좋은 하루 되십시요. 예예.
요금문의,요금 납부가 지연될 경우 이자가 발생하나요?,정성을 다하겠습니다 삼천리 도시가스 양희입니다. 예 여보세요? 네 고객님 무엇을 도와드릴게요? 2월달까지 얼마 나왔나요? 네 주소지 말씀해주시면 확인해요 안나오겠습니다. 잠깐만요. 인천 미출구. 네 미출구. 연전로. 연전로. 334번길 36 네. 주안동 한정빌라 네. 가동 101호. 가동에 101호. 성함이 어떻게 되십니까? 정인숙이요. 본인이시고요. 잠시 기다려 주시겠습니까? 네 기다려 감사합니다. 2월에 고지되는 금액만 여쭤보시는 겁니까? 여보세요? 네 2월에 고지되는 금액 여쭤보시는 거죠 고객님? 예 요번달. 메모 가능하십니까? 예. 491. 예. 430원입니다. 요번달꺼요? 네 그러니깐 3개월 요금 확인되세요 고객님. 3개월 요금이요? 12월 1월 달 요금 미납이고 이번달 요금까지 해서 총 3개월 요금 131530원 고지서가 나갈 예정입니다. 13만 1000. 530원이요 고객님. 30원? 네. 예. 알았어요. 네 궁금한 사항은 없으십니까? 예. 감사합니다 안녕하셨습니다. 예.
요금문의,미납 요금이 있을 경우 어떻게 정산해야 하나요?,정성을 다하겠습니다 삼천리 도시가스 양수진입니다 무엇을 도와드릴까요? 네 수고 많으십니다. 감사합니다. 네 사용계약서는 없어요. 예. 주소가 연수동 486에 3 305호요. 486에 3번지. 305호. 잠시만요. 그럼 몇 장 보내신 건가요? 어 이거 주소가 또 오전에 두장을 보내세요 다른 번지를. 아 그래요? 네. 또 다른 주소지가.172번지 104호인데요. 5172번지 104호. 예예. 여기는 12월 여기는 그전에 입주해서 살았던 사람인데 가스 등록이 안되어있는거 같아서. 어 명의 좀 확인해 주세요. 예예. 이 사람이 몇개월째 계속 살고 있거든요. 아 그럼 명의만 바꿔드리면 되는거죠? 네네. 요금 문제 어떤 말씀이신가죠? 네네. 아 잠시만요 그러면은 나중에 보낸 팩스 주소지가 어디에요? 486에 3 305호요. 언제쯤 보내셨을까요? 이거는 점심시간에 보냈어요. 그럼 12시쯤? 3시 가까이 돼서 보낸거 같아요. 12시시 가까이 그러면은 12시 59분? 잠시만요.  59 이거 이거 몇 분 정도에 보냈지? 486회상을? 예. 한 금액시간에 보냈었지? 12시쯤 12시쯤. 예예예. 네 잠시만요. 486회산3 음 또 주소는 언제쯤이에요? 네? 아까 그 명의 변경만 해달라고 한. 주소는 576번지. 아 언제쯤. 10시 55번에 보내세요. 10시 55요? 네네. 55분에 고객님 카톡으로 지금 말씀하시는거죠? 5172 이번지 인가요? 네네. 네 도착했어요. 네. 그러면 첫번지 말씀하신 주소지는 언제 들어와요? 내일 들어옵니다. 네 아 그럼 내일 제 점검 통화는 가능하신 거죠?  네네.  아 알겠습니다.  어 그리고 하란 문의좀 할게요.  네네.  연수동 5254번지 301호.  네.  카톡으로 왔는데 납부 계좌번호가 없다고 그러네요 세입자가?  아 잠시만요.  네답을 못했는데 이사정산 하신 거예요? 아니에요 살고 있는 사람이에요. 잠시만요 납부는 어디 지로로 되어있어서 그러나봐요 아 여기가 아마 주소 다시 한번만요. 525-4 301호요. 525-4 301호. 네네. 이번엔 했다. 아 이게 이제 구율고지서라고 해서 이제 카톡이나 문자로 안내 그 보내드리는거 같고. 네. 어 여기 그러면. 계좌번호. 구지서는 아 고객님. 그럼 불러드릴게요. 어떻게 되세요 고객님? 네네. 네 790105. 790105. 447. 47. 137. 137. 993. 993. 예. 농협이죠? 네네. 혹시요. 이분 문자 되세요? 카톡 말고 문자? 문자도 되죠. 아 그러면은 고지서 뭐 이제 3월부터는 문자로 보내드리면 어떨까요? 그냥 고지서를 보내주시면 되요. 아 종이고지서를 외국사람들은 원하더라고요. 아 그래요? 계좌번호 있는데. 예예. 아 네 그러니깐 이제 문자에도 나가긴 하는데. 예. 제가 이제 스마트폰이 많이 쓰다보니깐 앞으로 고지서를 없애려고 지금 찾은 안내 문자 하고 있는거라서. 아 그래요? 그래서 이제 문자 가능하시면 문자발송하는게 좋을것 같아서요. 아 근데 그 세워분이 여행전화밲호 있어서 그 전화번호가 바꼈어요. 아 그리고 저기 485에 5번지 202호가요. 예. 전화번호가 바뀌었어요. 아 근데 아까 그게 5224번지. 네네네. 문자로 보내드려도 되요? 3월 6일까? 네네 그렇게 하시면 됩니다. 아 근데 왜냐면 앞으로 취재가 그래서. 그래서. 네 아예 그럼 뭐 어떻게 맞춰야죠. 네 예. 그리고 또 주소가 485에 5번지. 485에 5번지. 202호요. 202호요. 302호라 그러네요 302호. 잠시만요 전화보내고 있을게요. 302호요. 남산 우빌기원 달 나가서 우림기호로. 아 옮겨갔구나? 어. 고객님 전화번호. 고객님 전화번호만 바꿔주시면 돼요. 아 그래요? 여기 잠가놓고요? 네네. 아 잠시만요. 485호 302호. 485호에. 302호. 아 8호요. 302호. pH로 시작하시는데 네 여기 핸드폰 번호 010220이 다 아닌거에요? 아닌데? 010220 말고. 아 그거 말고요. 아 010. 7281. 7281. 7192요. 7292. 네네네. 네 이렇게 번호 받고 그럼 여기도 고지서 문자로 성함부터 그렇게 할까요? 예 그렇게 해주세요. 예예. 알겠습니다. 네 고맙습니다. 수고하세요. 네. 네. 안녕하십니까.
요금문의,"요금이 너무 많이 나왔는데, 요금 내역을 좀 더 상세히 알 수 있을까요?",정성을 다하겠습니다 삼천리 도시가스 윤정입니다. 예 요금때문에 전화드렸어요. 아 예 주소가 어떻게 되십니까? 주안 378-40번 동일시계좌 1동 201호요. 아 예 어떤 문의 도와드릴까요? 예 요금이 너무 많이 나와가지고. 예. 이번달에 얼마 나왔죠  당월 206100원 나왔습니다.  아 이번달에요?  예 그렇습니다.  그럼 한  어 지금만 넣어도 될까요?  아 예 전용 계좌로 계좌이체 입주시면 됩니다 고객님.  예 어원 저기 찍어 주시면 주시면 돼요. 알겠습니다 전화되신 번호로 발송해드리겠습니다. 이 계좌번호 하고요. 아 네 알겠습니다 고객님. 회사 농협으로 해주세요. 네 농협으로 같이 발송 해드리겠습니다. 네. 감사합니다 수납연결이었습니다. 네.
요금문의,"미납 요금이 있는 경우, 현재 청구된 금액에 미납 요금이 포함되어 있는지 확인하고 싶습니다.",정성을 다하겠습니다. 삼천리 도시가스 정이였습니다. 예 수고하십니다. 네 감사합니다. 어 가스 요금 좀 문의 좀 해보려고 전화했어요 여기가. 네. 주원 위치월일 주원동. 네. 아휴 16번길 10인가 3층. 네 명의자 분 성함은 어떻게 되십니까? 이리원이요. 예 본인 되십니까? 네네. 네 이거 어떤 부분 확인해드리면 될까요? 아니 근데 가스를 어떻게 아 저기 뭐야 최근에 돈이 이렇게 막 20만원 또 지난달 기간에 이렇게 나오니까 이게 어떻게 이렇게 써서 이렇게 많이 나오고 어떻게 써야 불러오려나. 아 네법은. 너무 많이. 네 사용법은 죄송합니다만 저희쪽에서는 안내가 어렵고요. 네. 보일러 회사쪽으로 전화하셔서 네 사용법을 한번 문의해보시면 되시거든요. 아 보일러 그쪽으로. 네 그 사용법은 저희가 알수가 없어서 제주 회사쪽으로 전화하셔서 혹시 요금 절감댁에 설정하실수 있는 방법이 있는지 한번 확인해보시면 됩니다. 그러게 어떻게 가정주소인데 어떻게 20만원씩 나오냐고 아 그렇죠. 여기가 오후 난방을 이용하시면 다른 주소제도 나오시는 주소는 있으시거든요? 잠깐만요. 네 그러고 나 이거 한번 열어 아 고객님께서 가스 여여기서 보일러가 한번 물어보라는 얘기죠? 네. 어 그래요 감사해요. 네 감사합니다 상담원 정연입니다. 네. 
요금문의,현재 미납된 요금이 정확히 얼마인지 확인할 수 있을까요?,정성을 다하겠습니다 삼천리 도시가스 박신기입니다. 부탁드릴까요? 네 제가 요금 고지서가 나왔는데 저기 1월달에. 네. 저기 이게 고지서에 저기 9 2000. 어 얼마냐? 9만. 92540원이 음 배우자 성함이라고 쓰여있는데. 네. 그거를 저는 그거를 모르고 고지서를 들고 은행에 간김에. 네. 다른 세금 내면서 이걸 냈거든요? 1월달에요? 예예. 예 그러셔서 고객님 혹시 2월달꺼 고지서 못 받으셨어요 고객님? 2월달꺼 받았는데요. 예. 2월달에는 얼마냐면 8590원이 찍혔어요. 예. 그래서 제가 지난달에 그 요금을 안내야하는걸 냈어요. 고객님 그래서 이번달 2월달께 104590원 나오셨거든요. 네. 그래서 8590원만 납부하시면 되세요. 아 그걸 공개하신거에요? 네네네네. 그래서 너무  8000얼마가 나오고 먼저는 또 9만 얼마를 또 내가 내야 내지 말아낼걸 문행가서 그냥 그 고지서가 있길래 그냥 내버렸거든요. 예. 근데 자세히 보니까 0원이라고 지켰더라고. 예예. 그래서 이게 그래서 공개 중에서 나온건가. 네네 맞으세요 고객님. 예 그걸 여쭤보는거에요? 네 맞으세요. 아 그랬구나. 네. 그럼 이게 그럼 이달에는 그러면 저기만 내면 되겠네 850원만 입금하시면 되십니다. 네 네 감사합니다. 더 궁금한 사항 없으십니까? 예예. 감사합니다 상담원 박신기였습니다 전화드세요. 네.
요금문의,그럼 정산되지 않은 요금은 어떻게 해야 하나요?,정성을 다하겠습니다 삼천리 도시가스 여급니다. 네 명의 변경 해주세요. 네 주소가 어떻게 되십니까? 아 서류 6번지 보냈어요 연수동. 네. 5103번지 302호. 302호. 정산대야는 지금 확인 중입니다 잠시 기다려 주시겠습니까? 네. 여기는 정산대야 있으고요. 다른 주소지는 어떻게 되십니까? 연수동 5118번지 201호. 511에 8번지 201호요 고객님? 네. 기다려주시겠습니까? 네 기사님 감사합니다 정산되어 있으시고 서류는 언제 보내주신 거예요 고객님? 아까 15분 전에. 15분 전이라고 하셨고요 잠시 기다려 주시겠습니까? 네. 네 기다려 주셔서 감사합니다 6장 들어온 거 확인되셨고요. 네. 내일 오후에 전화드리고 방문한다고 말씀해주세요. 네 그리고 그거 마지막 거는. 잠시만 기다려 주시겠습니까? 네. 511호 8. 524에 0번지 B 03호. 4번지요? 연수동 524에 0번지. 중정한데요 그럼 6장 보낸 거는. 네. 523번지 B03호 하고. 네. 511에. 8번지 201호 하고. 510에 3번지 302호 하고. 2장 2장 해가지고 6장 보내주신 거예요? 네 네. 잠시만요 그럼 날짜 523번지 B 03호 정산배양증 확인하겠습니다. 네. 감사합니다 여기도 정산 다 되어있습니다. 네 그리고 네 내일 방문 제가 다 알려드릴게요. 근데 그 혹시 하나 확인 더 해주실 수 있을 제가 아까 5분전에 어 네장 더 따로 보내셨어요 왜냐면은 다 합쳐서는 안들어가고 백수가 혹시나 그 서류 또 들어왔어요? 연수동 515 6번지 101호. 515에 6번지. 101호. 그리고 연수동 513에 18번지 203호. 예 매장도 들어왔어요. 아 네 그거도 명의 변경 해주세요. 여기 다 정산된거 확인하시나요? 513에. 513에. 18번지. 정산되어료 확인하시고요. 네. 여기 주소가인데. 네. 정산 안 되시는데? 5일자는 18 203호. 그럼 가스 열려있어요? 네 여긴 정산 안되어 있으시구요. 언제부터 혹시 안되어있어요? 12월달부터. 12월달부터. 여기 9월달에 한번 정산하셨고. 네. 그리고 1월 12월 10날 정산은 아니고 금액만 문의하셨던거 있고 정산 안되어있어요. 그럼 그거 그냥 인수 얼마인지 알고 인수인데요? 숫자 확인하시는거 있으세요? 아니요 없는데. 근데 없는데 뭐 들어오신 사람한테 그걸 볼수 없잖아요. 그거는 그냥 비워있었는데. 그래도 그거는 아니지 않아요? 같은데인끼리? 아 그럼 그거는 제가 네 따로 제가 다시 해드릴게요. 그럼 5106번지는? 확인중입니다. 네. 네 여기는 정산되어 있으니까. 네네. 총 5번지 6번지죠? 아니요. 아까 3장 3군데 하고. 네 1하고 1은. 네 4군데만. 네네. 할게요. 네 고맙습니다. 감사합니다. 네.
요금문의,이번 달 요금 명세서를 다시 받을 수 있을까요?,정성을 다하겠습니다 삼천리 도시가스 윤정입니다. 예 뭐 좀 여쭤보려고요. 네 고객님 뭐하십니까? 도시가스 요금 미납된거 나왔는데. 네네. 이거 몇일까지 뭐 끊기는건가 그거 좀 알아보려고요. 주소가 죄송한데 어떻게 되십니까 고객님? 어 인천 미출구. 예. 주원 아 미출구 681에 12번지요. 삼진아이체. 503호요. 503호 잠시 기다려 주시겠습니까? 네 기다려 감사합니다. 아 지금 납부일은 5일이라 지나셔서. 네. 아직 입장은 아직 안 나왔는데 한 일칠을 전으로 해서 중단되실 수도 있으실 것 같은데요 고객님. 아침 금액 전혀 안낸거 예? 한달치에도 입금이 혹시 안되실까요 12월달 그 48360원. 48000. 360원. 48360원이요? 네 먼저 그거만 납부하셔도 중지가 안되세요. 아 그러면. 네. 그 01099048766번으로 그거 문자등록해주시겠어요? 금액이랑? 01048766이요? 예 거기 입력되어있는거죠? 밀붙은 어느 지역인거죠? 신협은 안되죠? 신협은 없어요 죄송한데. 아 그럼. 저희가 예. 전용세사가 기업 하나 능력 국민 우리 신한 세말동구. 아. 이렇게 있어요. 그럼 그냥 농협 계좌로 해서. 네. 우선 우선 만약에 다 못 내면 그거래도 낼게요. 아 예 그러면 지금 문자발송 해드렸고요. 궁금한 점은 없으십니까?? 예 9904 8066번으로 예 받았네요. 예 알겠습니다. 예 감사합니다. 안녕하십니까. 예.
요금문의,미납 요금은 어떻게 납부할 수 있나요?,정성을 다하겠습니다 삼천리 도시가스 윤정입니다. 네 안녕하세요 저 다름이 아니라 어제 그 도시가스 신청하려고 하는데. 예. 그 전입 사람이 미납이 있다고 해가지고. 예. 이거 관리실에서 뭐 처리해준다고 했는데 혹시 확인할 수 있을까요? 예 주소지가 어떻게 되셨을까요 고객님? 주안동. 예 주안동. 48-11. 48-11. 마린 402호요. 402호요 고객님 잠시만 기다려 주시겠습니까? 네. 예 고객님. 네. 네 기다려 주셔서 감사합니다. 예 아직 관리실에서. 네. 납부 안 하셨는데요 고객님. 아 그래요? 납부 했다고 하던데 어제 좀 물어보니깐? 예 아직 죄송한데 안내받으신 금액. 네. 안내 안되어 있습니다 고객님. 2만 얼마죠? 예 21920원이요 고객님. 아 그래요? 그거 혹시 제가 낼 수 있을까요 아니면? 네 그리고 고객님 번호가 혹시 어떻게 되세요 고객님? 전화번호요? 예. 010. 예 그럼 관리실에 한번 더 여쭤보시고. 네. 고객님이 납부하실테니깐 그 돈달라고 하시던가 이렇게 하셔야해요 고객님. 아 그래요? 왜냐면 고객님도 납부하시고 관리실에서도 납부하시면 이중 수납이 되서. 아 그러네요? 상담원으로 해드려야해서요. 아 그럼 제가 관리실 전화해보고. 네. 다시 전화드릴게요. 아예 고객님 궁금한 사항은 없으십니까? 네 그럼 만약에 오늘 해서 관리실 처리 한다고 하면 네 3시 안쪽으로 전화주시면 공급 가능하세요. 오늘 바로 가스 신청 가능해요? 네네. 아 네 알겠습니다. 예 궁금한 사항은 없으십니까? 아 그리고 또 혹시 만약에 신청할 때 제가 있어야하나요? 아니 만약에 안 계시면 문 열어주실 수 있고 안에 들어갈 수 있게 비밀번호만 알려주셔도 되요 만약에 댁이 안계시면. 아아 네 알겠습니다. 네 궁금한 사항 없으십니까? 네네. 네 감사합니다 안녕하십니까? 네. 
요금문의,"자동이체 금액 확인이 늦어질 경우, 미납 요금 발생 여부를 어떻게 알 수 있나요?",정성을 다하겠습니다. 삼천리 도시가스 최연행입니다. 아 네 여보세요? 네. 아 네 언니 어제 그 이사 때문에 네. 그 정산을 다 받는데. 네. 그 저기 그 자동이체에서 금액이 똑같은데 갔거든요. 문의하신 주소가 어떻게 되십니까? 어 저기 난동구 남춘동. 네 난동구세요 고객님? 네네. 이사쪽으로 전화를 연결해 드리고 있어요. 난동구 남 남동부. 네 삼천리 도시가. 네. 1호지택 301호요. 이사를 나오신거고요. 네네네. 여기저 분 성함은 어떻게 되셨습니까? 귀문으로요. 네 확인 감사합니다 지금 말씀하신 데 제가 지금 남은 자동이체로 인출되신 금액은 저희가 금액 결정에서 평일 기준 3일 정도 후에 확인이 가능합니다. 네네네. 지금 문학동쪽으로 이사를 오셨는데요. 네. 지금 환불를 원하신다면 금액일 정도 연락주셔서 요청해 주시면 되시고. 어 네네. 내일 환불도 접수가 별도로 없으실 경우 이사 오신 살게 해서 사용하신 요금이 차감지고 나갈 예정입니다. 아 그래요? 아 네네 알겠습니다. 네 더 궁금한 사항 없으십니까? 아니아니. 네 감사합니다 상담원 윤정입니다. 네.
요금문의,요금이 많이 나온 이유가 외출 모드 때문이라면 다음 달에는 요금을 줄이기 위해 어떤 방법이 있을까요?,정성을 다하겠습니다. 삼천리 도시가스 윤정입니다. 네 제가 도시가스가 요즘 너무 많이 나와가지고요. 아 네네 주소 먼저 불러주시면 내용 확인하면서 안내드리겠습니다. 네 이처올고 주안동. 네네 고객님. 1542-36203호요. 잠시만요. 1542-36. 네네. 서감아파트 203호요. 203호세요. 네. 서감아파트 203호 명의가 미등록되어 있으신데요. 고객님 언제부터 거주하셨습니까? 저 작년 11월이요. 11월달이요? 네. 작년 11월이신데. 예. 명의 등록 안하고 계속 이용하셨어요 고객님? 네 제가 거기 전세 들어서 살고 있었어가지고. 아 그러셨어요? 전세 들으셨어도 네 명의 등록은 꼭 하셔야 되는데. 네. 이번 2월달에는 9070원 나왔어요 고객님. 네 근데 제가 진짜 사용을 많이 안하거든요. 근데 저희쪽에 계량기 눈빛을 보시고. 네. 예 말씀을 해주셔야하는데. 네. 이게. 네네 고객님. 어 그 배관청소 이런거 하면 네 가스요금이 조금 덜 나오나요? 크게 영향은 없으실것 같은데 저희가 답변드리기가 좀 어려워서. 네. 그거까지는 저희가 알수가 없어요 고객님. 아 그래요? 근데 배관청소 하시는경우는 좀 드무시죠 고객님. 아 그래요? 네 그런 경우는 거의 드물거 같고요. 아 네네. 사용량에 따라 좀 다른데 지난달 지 지난달은 이제 굉장히 추웠을 때니깐. 네. 네 좀 많이 나왔을 거고 다음달에도 한번 체크를 해보시면 어떠시겠습니까? 네 이번에 거의 그 외출 모드로 하고 계속 지냈었거든요. 외출이 근데 생각보다 많이 나와요 고객님. 아 그래요? 외출이. 예. 생각보다 많이 나오시더라고요. 근데 끌면 안되잖아요.  근데 그거니까은 저희가 뭐다 사용 방법에 대한 거는 알려드리기 좀 어렵고. 네. 가스가 그만큼 돌아갔기 때문에 저희는 이제 가스 계량기를 보고 요금을 사출하는 거라. 아? 네 체크를 해보셔야할것 같은데. 네. 외출해놓으셨다는 분들 생각보다 요금이 많이 나와서. 네. 예. 설정 온도를 하시는거에 따라서 다를 수도 있으니까. 음. 관리를 좀 해보시면 좋으실것 같습니다. 아 네 알겠습니다. 네 고맙습니다 더 필요한 사항 없으십니까? 네. 감사합니다 상담원 윤정이였습니다.
요금문의,이체 계좌를 변경했는데 미납 요금이 발생했는지 확인해 줄 수 있나요?,정성을 다하겠습니다. 삼천리 도시가스 정사랍니다. 네 안녕하세요. 네네. 저기 봐 그 제가 며칠 전에 은행 주소에서. 네네. 그전에 다른 은행이었는데 그 이체 빠져나가는거 신한으로 바꿨거든요? 네. 그래서 메일이 이제 빠져나가는데 잠그가 없으면 안되니까 혹시 신한으로 제대로 됐나요? 주소가 어떻게 되실다 고객님? 네. 네 집주소가 어떻게 되십니까? 인천 입주얼리 매수원로 519-17 은하주소지 101호요. 예 감사합니다 고객님 확인해드리면은 기존에 농협에서 네 맞아요 농협으로 농협이셨는데요 1월 6일날자로 신한계좌로 방금 되어있습니다. 아 그럼 내일은 이제 신한에서 빠져나가죠? 네 청구 들어간 생계시기 때문에 잠입 있으시면 네 드리겠습니다. 아 신한에다가 예 알겠습니다. 네 궁금한 사항 있으십니까? 아니 됐습니다. 네 감사합니다 상담원 정소인입니다. 
요금문의,정확한 미납 요금과 상세 내역을 알려주세요.,정성을 다하겠습니다 삼천리 도시가스. 아 네 그 오늘 그 집 들어가야 되는데 혹시 가스 그 열쇠 있을까요? 아 죄송하지만 오늘 접수하시면 방문 내일 중에 가능합니다 고객님. 아 그럼 일단 오늘 접수 할게요. 네 주소가 어떻게 되십니까? 아 네 거기요 문학동. 네. 328-8번지. 네. 305호요. 네 지금 전화되신 분 성함으로 접수 해드리면 될까요 고객님? 네네. 네 성함이 어떻게 되십니까? 네 김준영이요. 아 혹시 죄송하지만. 네. 예 불러주신 주소에 요금 정산이 아직 안되어 있으신데. 정산은 어떻게 하시기로 하셨나요? 정산은 제가 집주인분한테 전화드릴게요. 아 근데 정산이 안되어 있으시면 저희가 접수가 안되기 때문에. 예. 확인하시고 연락주셔야 될 것 같습니다 고객님. 아 다시 전화드려야해요 그러면은? 예. 혹시. 예. 정산을 그러면은 요금 뭐 이런건 어떻게 확인해야해요? 일단 금액하고 계좌는 제가 전화주신 번호로 문자 하나만 정해드리겠습니다. 아 네 알겠습니다. 감사합니다 신담원 윤정이었습니다.
요금문의,1월달 가스 요금 납부 여부를 확인하고 싶습니다.,정성을 다하겠습니다 삼천리 도시가스 김유지입니다. 네 안녕하세요. 네 안녕하십니까. 아 제가 1월달 가스 고지를 못 받아가지고. 네. 금액과 계좌번호를 좀 안내받고 싶거든요. 네 주소 어떻게 되십니까? 광교슘 플러스. 네. 백달동 1402호요. 1402호요 등록된 성함 어떻게 되십니까?  이지연이요. 네 주 확인되었습니다 이럴 분 금액 1322원으로 확인되었습니다. 1322원이요. 네네 금액하고 계좌 어느 계좌번호 발송해 드릴까요?  신한이요. 신한이넥이요. 네. 네 지금 바로 문자 발송 해드리겠습니다. 네 그 이거 입금 확인은 바로 저희한테 저한테 문자가 없요? 네 입금 납부 완료 문자 받으실 겁니다 입금하시면. 예 알겠습니다. 네 동호하사 없으십니까? 네 감사합니다. 네 감사합니다 상담원 임수경였습니다.
요금문의,미납 요금이 없더라도 반드시 기본 요금을 계속 납부해야 하나요?,정성을 다하겠습니다 삼천리 도시가스 상담원 아부로입니다. 네 문자보고 전화드렸는데요. 네 고객님. 네 저 가스 사용이 없다고 문자가 와서요. 예 세대 확인해라고 안내하겠습니다 고객님. 네. 현재 납부자 번호 확인해주신 곳 보라동 화성 파카드림 확인되고 있습니다. 동호수가 어떻게 되십니까? 307동 1202호요. 예 확인 감사합니다. 네 그 고객님 세대 현재 요금이 여러달 동안 계속 기본 요금만 나가고 있어서 저희가 혹시 고객님께서 사용을 하시는지 여부 확인차 좀 연락드렸던걸로 확인이 되고 있습니다. 네네네네 아 죄송해요 지금 저희 지금 인덕션 사용해서 가스 사용 거의 안하고 있거든요. 아 혹시 앞으로도 사용을 안하실꺼면 정산을 좀 하려고요 조금. 조금 사용해요 조금. 아 그러시면 가끔씩 받아가 이용을 계속하실건가요 고객님? 네. 네 그러시면 미란사용하신다고 저희가 따로 전달하겠습니다 고객님. 예 감사합니다. 예 감사합니다 좋은하루 되십시요 상담원 여부름이었습니다.
요금문의,요금이 추가로 부과된 이유와 내역을 좀 더 자세히 설명해 주실 수 있나요?,여보세요? 예 고객님 삼천리 도시가스 입니다 고객님. 예. 우선 이번달에 그 검침이 4024로 이제 등록을 해드려서. 예. 그 609320원 부과가 되실꺼에요. 예. 보니까는 고객님 그동안 요금이 좀 적게 이제 측정이 되셨던거 같아요 고객님. 적게 측정된게 아니라 많이 나와가지고 지금 알아볼려고 하는데. 예 그니깐 9월 10월달이 적게 나갔고 그니깐 9월 10월 11일 때 적게 나가셔서 1월달에 인정고지 부과는 되신게 맞는데요. 예. 요금이 이제 한꺼번에 28만원대로 들어와드셨었어요 고객님. 예. 일단 검침장에는 이번 2월 7일날에 402하셨고 지난달에 392하셔서 문제는 없으세요. 예. 그러면은 네 작년에 뭐요? 작년에 요금 한번 확인해드리고 잠시만요. 네. 1월달에도 요금이 19190원이셨고요. 2월에 169500원. 3월에 145180원. 부과되셨던 일업 있으신데 12월달에 이번 21년 12월에 8만원께 밖에 안나가셨거든요. 네. 그니깐 거기에 대한 요금이 못나가져보니깐 1월달에 같이 청구가 되신거에요 고객님. 그럼 이달에 얼마 나오는거에요? 69320원이요. 이달에요? 예. 아 저번달에 워낙에 많이 나와가지고. 네 그러셔서. 네. 돈 10000원어치 청구. 그럼 저번달에 기본으로 나온거 했는데 얼마 나온거에요? 지난달 지침 저희가 확인이 안되세요 고객님 인증구리. 왜 그렇죠? 계량기가 그 대문 안에 있으세요 고객님? 예예. 대문 안에 있을경우는 확인이 덜 안되시면 저희가 작년도 그 정도 부과를 하기 때문에. 예. 네 지난달은 저희 숫자가 확인이 안되셔서 얼마셨는지 불러주시는게 어려우세요. 그럼 1월에는 6만원 나온다고요? 네네 69320원 부과 되실것 같고. 그러면은 이게 작년에는 그럼 이게 1월달에 얼마 나왔다고요 작년에? 작년 1월 달에 19190원이셨고 2월에 169500원 3월에 13원 어떤 180원이에요. 근데 오늘 저기는 20 얼마 나왔지? 네네 잠시만요 고객님. 어 금액이 지금 28510원. 네 근데 나 너무 많이 나와가지고 이상해가지고. 네. 그래서 저기 전화 저기 있던거지 그랬어요. 1월달에 많이 납부하셔서 이번 2월달에는 더 적게 청구 되셨어요 고객님 원래 작년도 기준으로 얼마 우리가 썼는지 나오셨는지. 예. 저기 1월달에 얼마 저희가 썼는지 그거를 확인을 해보려고 그랬지. 근데 이미 검침일한이 지나셔서 그때 얼마 쓰셨는지는 확인이 안되시고요 1월달에 얼마 저희가 썼는지 그거를 확인을 해보려고 그랬지. 아 근데 그때 이미 검침일원이 지나셔서 그때 얼마 쓰셨는지는 확인이 안되시고요. 1월달에 많이 납부하셔서 이번 2월달에는 6만원대 밖에 고지서 안되세요. 예 예 알았습니다. 네 감사합니다. 네.
요금문의,"납부할 금액이 불충분하다면, 다음 청구서에서 자동 조정되나요?",정성을 다하겠습니다. 삼천리 도시가스 윤정입니다. 예 수고하십니다. 네. 예 다른 요금은 가스 미납요금 때문에 전화드렸는데요. 아 예 주소가 어떻게 되십니까? 예 인천 미출구 한납으로. 네. 12-573번길 12-15. 네. 1층이요. 성함이 어떻게 되십니까? 임무송. 아 예 어떤 문의로 하드릴까요? 아 통장에 잠그가 좀 부족해가지고 들빠져가지고 나가서요 그 잠그가 좀 얼마나 모자른가 결제드리려고요. 아 그럼 제가 납부하셔야 될 금액과 전용계좌 문자로 하나 넣어드릴까요 고객님? 예. 예 지금 전화주신 번호로 발송해드리겠습니다. 네네. 다른 문의사항 또 있으십니까? 만약에 오늘 결제를 하면은 15일날 한번 더 빠진다는데 빠졌다가 다시 출금이 출금됐다가 다시 입금이 다시 되는건가요?  아 별도로 따로 연락이 없으시면 다음달 요금에서 차감 내시기 때문에 늦어도 내일까지는 결제하셔야하지만 이중 수납되시지 않으실거 같으십니다.  아 내일까지요?  네.  오늘 아니 오늘 결제하려고 하는데 지금?  아예 오늘 결제하시면 이중 수납은 되지 않습니다 고객님. 아 예예 알겠습니다. 네 다른 문의사항 없으십니까? 아니 지금 얼마 얼마 얼마나 얼마 나 모자른거죠? 지금 남아있는 금액은 1030203원 확인됩니다. 아 예 그 핸드폰 번호에 해서 좀 넣어주세요 계좌번호하고. 네 지금 번호 주신 번호로 예 발송해드렸습니다. 네 감사합니다. 감사합니다 신 납부 윤정이었습니다. 예예 수고하십시오. 감사합니다.
요금문의,"이번 달 가스 요금이 이상하게 많이 나왔는데, 요금 내역을 어떻게 확인할 수 있나요?",정성을 다하겠습니다 삼천리 도시가스 현지입니다. 네 저 비하이패리스 김지원이라고 하는데요 401호요. 네 안녕하십니까? 지금 요금이 보니까 제가 진짜 이 가스 난방을 안쓰거든요? 난방을 사용 안하신다고요? 네 이거 온수밖에 안써요 제가 가스를 제가 뭐 음식을 해먹는것도 아니고. 고객님 온수가 일단 가스사용하는거랑 동일하는거고요. 아니 근데 제가 온수를 제가 공유해놓는건 아니잖아요. 우선은 내용확인을 제가 좀 해볼게요. 주소 좀 먼저 불러주시겠습니까? 비알핀리스 몇에 거주하십니까? 401호요. 401호시구요. 네. 지금 고객님댁에 확인해보니깐 고객님 이번달에 요금이 너무 많이 나오셨는데. 아 이게 말도 안되는 금액이에요. 맞으세요 고객님. 우선은 계량기 눈동이 얼마인지 좀 보셨는지요 고객님? 아니 제가 이거 체크를 안해요 제가 집에 없다보니깐 잘. 아 그러셨어요? 네. 우선 저희가 이제 매달 집안에 계량기가 있다 보니까 저희 쪽에 체크를 좀 정산적으로 해주셨어야 되는데 이번달에 문자로 검침을 할때 5039로 혹시 알려주셨어요? 5039. 아니요. 숫자가 혹시 좀 잘못됐을 수도 있거든요 고객님? 그리고 지침을 좀 번거로 하시지만 다시 한번 확인을 해보시고 저희가 연락을 주시면 수정은 바로 가능하세요 고객님. 근데 이거 제가 한참을 돌려봐서 다른 데는 막 10만원 밖에 안 나오는데. 아 그러세요? 예예 맞으세요 너무 많이 나오셨어요. 검침 한번 다시 확인해보시고 저희쪽에 말씀을 해주시면 저희가 수정은 바로 해드리도록 하겠습니다. 검침 어디서 하는거에요 이거? 집 안에 계량기가 있어요 고객님. 네. 정궈로 오셔도 계량기 사진 하나 찍으셔가지고요 그거를 좀 보시고 저희쪽에 말씀해주시면 될 것 같으세요. 어 그래요? 네네. 그러면은 이거 제가 일단은 어디 갔다가 좀 예 제가 이거 할게요 찍을게요. 네 다시 말씀해주시겠습니까? 어디 좀 갔다가 제가 찍을게요. 아 그러시겠어요 6시까지 상담원 하시니까 네 그거 찍으셔서 저희쪽에 전화주시면 저희가 다시한번 죄송합니다. 네. 감사합니다 상담원 윤정이였습니다. 네.
요금문의,이번 달 요금을 납부하지 못하면 어떤 추가 비용이 발생하나요?,정성을 다하겠습니다 삼천리 도시가스 김이첩니다. 네 납부 기간이 지나서. 네네. 네 지금 1월 25일까지인데요. 네네. 가스 요금 좀 봐야죠 도시가스 요금이요. 지금 정확한 금액이 변경된 거 아닌가요? 네. 아니면 지금 바로 지로인지가 있긴 한데요. 네. 금액이 되는 거예요? 1월달 고지서 가지고 계세요? 네. 네 납부자 번호가 어떻게 되십니까? 304 574. 네. 310이요. 310이요. 네. 1월 달거 22400원 납부하시면 되겠습니다. 네. 22400원. 아 납부 마감일이 1월 도시가스 요금 1월이라고 돼있고 여기는 34600원으로 찍혀있는데요. 4만? 34620원 찍혀있는데요. 1월 때 고지서요? 1월 고지서. 네 1월 13일날 11월달꺼 납부하셨습니다 고객님. 아 그게 독특장이랑 같이 나온건가요 혹시? 아니요 고객님께 11일 빼고 납부 안되셔서 1월달 고지서 나갈때 합산해서 나갔는데. 네네. 1월 13일날 늦게 납부하셔서. 네. 고객님 11일 분 거는 지금 정산 처리됐고. 네. 당월 금액 거기 고지서 보시면 요금 상제네요 그래서 당월 금액 하고 전월 금액 보이시잖아요? 네네. 당월 금액 22400원 1월달거 납부하시면 되겠습니다. 아 그러면은 여기 지금 여기에 전용 입금 계좌가 있는데. 네네. 두군데 중에 하나로 입금 하면 되나요? 네 맞습니다. 카카오뱅크 하고 농협 두군데 있더라고요? 네 농협 쪽으로 해주시면 되겠습니다. 아 이 금액으로 오늘날으로 해야 되는 거예요? 이 금액은요? 아니요 뭐 상관없으시고 가산금은 자동딸 고지서에 일주 계산해서 청구되겠습니다. 아 네네 그럼 22400원이요. 네 맞습니다. 예 전화주신 분은 죄송한데 관계가 어떻게 되십니까? 저는 자녀에요. 자녀분 되십니까? 난방이에요 예. 아예 알겠습니다. 아 저희 국민적기로 되어있구나. 저희 집 남편 이름이 되어있는데 이게 지금 아버님 방에 집인데. 아 지금 저희 남편이 있고. 아 그럼 지금 전화주신 분은 배우자님 되시는 거고요? 네네. 아예 알겠습니다. 네. 네 다른 문의사항 없으십니까? 네. 감사합니다. 상담원. 예 상담원 이시이었습니다. 네. 
요금문의,이번 달 고지서의 요금 내역을 자세히 설명해주실 수 있나요?,네. 네 고객님 저희 삼천리 도시가스고요. 네. 고객님 요금 부분 처리 도와드렸고요. 네. 지금 이사되고 계님 옆에 계시는 거예요? 네네 그러시고 이제 올해 발생되신 요금은 이분께 청구되시는 건데 괜찮으신 거세요? 올해 얼마인가요? 지금 올해 지금 8461으로 고지되신 부분 있으시기 때문에 고지 다시 해드리겠는데요. 지금 일단 요금 부분만 처리를 먼저 도와드린 거라 고지는 다시 나갈 거거든요. 네. 어. 일단 작년 요금까지는 고객님께 다 처리가 되셨고. 네. 이제 이게 올해 발생된 요금에 대해서 나가는 거예요. 이선배 고객님께 요금은 쓰신거 일단 다시 평점이 미외 사용하신 요금이기 때문에. 네. 괜찮으신거세요 삼천리 도시가스. 네. 좀 바꿔주세요. 네. 도시까지 전화 받으세요. 네. 요금. 네 안녕하세요 고객님 지금 요금 분리는 해드렸고요. 네. 작년 평점은 받 받은 이원의 발생되신 요금은 고객님한테 굳이 되실거세요 괜찮으세요? 날짜온다고요? 네 전 요금이 아니고 올해 발생되신거. 아 올해꺼? 올해 쓰신거. 1월부터요. 네 1월부터 쓰신 요금. 예 그거 해도 되요 고객님. 그 요금은 고객님께 이제 청구 되시는데 괜찮으신거고요. 네. 네 그럼 이제 고객님 명의로 등록해드릴거고요 이제 고객님께 고지가 되실건데 고지서는 종의로 보내드릴까요 아니면 문자로 보내드릴까요? 문자로 보내주실까요? 네 문자로 보내드릴까요 그럼 매달 문자로 고객님께 나갈거고요 등록해주신 번호가 5842에 2270이셨던걸로 확인되시는데 맞으세요? 네 맞아요. 네 좀 같이 신청해드렸고요. 이달 고지서는 별도로 보내드릴게요. 네. 네. 잠깐만요. 네. 저 그러면. 네. 그 렌지 그분은 된건가요? 네 그니깐 이전 금액에 대해서 분리가 다 완료되신거에요. 올해 발생되신 요금만 청구해드릴거에요. 네 알겠습니다. 네 감사합니다. 네.
요금문의,이전 요금이 미납된 경우 자동이체 신청 후에도 즉시 납부가 필요한가요?,정성을 다하겠습니다. 삼천리 도시가스 정연입니다. 네 안녕하세요. 네 안녕하세요. 자동납부 신청하려고 하는데요. 등록하실 계좌가 고객님 본인 계좌이십니까? 네네. 네 문의하신 주소는 어떻게 되십니까? 어 미출구 두안동. 네. 두안로 136. 네. 더 플러스 타워 1602호. 명의자 분 성함은 어떻게 되십니까? 정원탁입니다. 네 성함 감사합니다. 자동이체는 어느 은행으로 신청 도와드리면 되겠습니까? 기업은행이요. 네 기업 계좌는 고객님 본인 계좌가 맞으십니까? 네. 네 계좌번호 안내 부탁드리겠습니다. 450 00361이요. 네에. 02013. 생년월일은 어떻게 되십니까? 24년 11월 11일. 개인정보 주소 입덕에 동의하십니까? 네. 네 정확한 입덕을 위해서 ARS 연결 됩니다. 안내멘트 들으시고 숫자 한번 눌러주시면 되겠습니다. 네. 평원탁 고객님은 삼천리 사용 요금 자동이체를 기업은행 예금주. 평원탁.님에. 4 5 0 0 3 6 1 6 0 2 0 1 3. 계좌로 등록 신청하셨습니다. 자동이체 등록을 동의하시려면 2 8 번을 눌러주시고 전화를 전원 탑 고객님 자동이체 등록이 완료되었습니다. 네 자동이체 신청해드려서 이달 받으신 109080원부터 인주 되시기 때문에 별도로 납부되진 않겠는데 안하셔도 되고요. 네. 자동이체 신청 바로 도와드렸습니다. 네 수고하세요. 네 감사합니다 상담원 정연입니다. 네.
요금문의,미납 요금이 있는지 확인해주실 수 있나요?,정성을 다하겠습니다 삼천리 도시가스 이영승입니다 무엇을 도와드릴까요? 예 좀 전에 그 가스 냉면 데 확인 좀 하려고요. 네 주소가 어떻게 되십니까? 여기 인천 위초에 그 주환동. 네. 174-5 드림체 503호요. 성함이 어떻게 되십니까? 홍정자. 말씀 감사합니다. 지금 12월까지 납부하긴 됐고 올해 1월꺼가 아직 납부하긴 안되고 있습니다. 예? 올해 22년도 1월. 아니 얼마 얼마요 3원 얼마 아닌가요? 아니. 16일 드림제 503호는 22년도 1월 고지서가. 네. 13930원입니다. 아 저 가스 아 아직 안 들어왔다고요? 예 입금 확인 안되세요. 아 오늘 좀 냈는데. 13930원이요? 네네. 혹시 다른 사람한테 부탁해갖고 냈다고 문자 들어왔냐고 그러라고 하던데. 그러면 고지서로 내신 거예요 입금 전용계좌번호를 알려주셔 전용계좌로요 안하셨어요 네? 입금 아직 안되어있어요 고객님 안 들어왔다고요? 예예 어 냈다고 확인해보라고 전화드던데 그러면 제가 고객님 계좌랑 통화계신 번호로 네 입금 전용계좌번호를 하나 보내드릴게요. 이 계좌로. 아니요 고객님 그 전용 계좌로 넣었다고 입금을 했다고 연락이 왔다고. 고객님 지금 입금 확인 안 되는 거는. 네. 계좌번호가 잘못 입력을 하셨던지. 계좌번호 잘못 입금을 입력하면 돈이 안 들어갈 거 아니에요. 그러면은 방법이 달라서 그럴 수도 있어요. 아니 그러면 혹시요 공정자가 한중면을 들어갔나 확인해 주실래요? 계좌번호가 틀리지 않았다면 삼천리 공정자 이렇게 떼어야해요 근데 그분한테 삼천리 공정자라고 떴면 좀 물어보야 되세요. 네 잠깐만 잠깐만요 끊지 말아보세요. 네. 둘다 안 떳어. 정국이한테 그러고. 일단 안 봤네 다시. 하세요? 네. 거기 가산계좌가 몇 개 있잖아요. 네네. 그 중에 하나를 제가 몸이 아파서 저 아는 주인한테 부탁을 했거든요. 네. 그거 아까 은행했을때 냈다고 확인해봐달라고 그러더라고요 문자왔는지. 계좌번호는 어떤걸 가르쳐주신거에요? 아니요 거기 그러니깐 그 통지서를 그냥 전를 줬어요. 아 고지서 자체를 주신거에요? 네. 네 그럼 그분이요 고지서를 줬다면 입금 전용계좌가 아닌 지로를 납부할 수 있었으니까. 네. 만약에 납부를 하셨다면은 지로를 납부할 수가 있으니깐 물어보세요. 아 지로를? 예 지로로. 가산계좌가 아니고? 예 지로를 하시면은 목요일이잖아요. 네네. 그럼 다음주 월요일날 입금 확인되세요. 아 지로로 하면요 잠깐만요. 네. 여보세요 다스라 아까 그거 그 뭐야 그 가스 비하고 전기 비하고 정지 비하고 나온거 준거 있잖아요 동이. 그거 그냥 가산계좌로 입금했는지 아니면 그냥 지로로금했니? 아 지로로 했어? 지로로 하면은 바로 안 뜬데 문자가. 가산계좌라면은 바로 쓰는데 지로로 하면 한 월요일인가 그 때 걸립니다. 아. 어? 아니 하나는 가산계좌로 네가 넣은거야 그 두개는 지로로 그냥 저거 기계로 했지 지금 기계로 넣어서 하는걸로 했지 아 그러면 월요일날 돈을 내 문자인데 그래 알았어 아 여보세요? 지로라셨대요? 네 지로로 있는거래요 아 근데 지로는 전용계좌라는 게 아니라서 문자나 안가고 혹시 그래도 납부 확인하고 싶으면. 네. 어 8일날 오전에 전화 한번 주세요. 아 8일날? 네네 7일까지 입금 확인되는 날이니까 8일날 전화 한번 주세요. 예 8일날 전화할게요. 아 네. 지로하고 전산계좌고 틀린거 같고. 틀려요 왜냐면 지로 사이터를 건너기 때문에 한단계 더 거쳐서 옵니다. 아 예 알았습니다. 네. 확인 전화하겠습니다. 감사합니다. 가스나 전기나 다 똑같은가요? 지로라면 그렇게. 예 지로는 그렇습니다. 아 예 감사합니다. 감사합니다 상담원 양수경이었습니다. 네. 
요금문의,지난 달의 납부 내역을 상세히 알려주실 수 있나요?,정성을 다하겠습니다. 삼천리 도시가스 정사랍니다. 네 요금 확인해보려고요. 네 확인하실 주소가 어떻게 되십니까? 미천리 주안동. 네. 161-4번지. 161-4번지. 사음빌라 201호. 201호 네 말씀이시고요. 네. 잠시만요 요금 고객님 미납만 확인하시는 이럴까요? 네 지난 요금만 확인할게요. 어 미납은 없으세요 3월금까지 납부가 되셨고. 네. 4월 장월금 기본 요금만 발송되어 있습니다. 알겠습니다. 네 궁금한 사항 있으십니까? 없습니다. 네 정성을 다하겠습니다. 네 정성입니다. 네.
요금문의,이번 달 요금 내역에 미납된 부분이 있는지 확인해 주실 수 있나요?,정성을 다하겠습니다 삼천리 도시가스 김은수입니다. 예 저기 그 요금 내려고 하는데 금액이 얼마인지 몰라서요. 아 그렇습니까 확인해드리겠습니다. 주소가 어떻게 되십니까? 예 구얼러 8번길. 네 8번길. 45에. 45에. 신소라 티비 B01이요. 등록된 성함 어떻게 되십?  책자 집자 첫자요. 네 전화주신 분 관계 어떻게 되십니까?  납부드려. 네 고객님께서 납부하실 금액이 현재 21140원으로 확인되었습니다. 요번달꺼 그러면 다 내는거죠? 요번달까지. 네 맞습니다. 네네. 계좌번호 하고 좀 주세요. 네 금액하고 계좌번호 해서 문자 발송 해드리면 되겠습니까? 예예. 네 지금 바로 문자 발송 해드리겠습니다. 네. 내동관상 없으십니까? 그거 자동이체 어디로 되어있어요? 자동이체는 지금 카드자동이체로 되어있습니다 고객님 아 그건 안되겠구나 예예예 뭐 있는지 알았어요 예 알겠습니다 네 동호하실 사항 없으십니까? 예 없어요 네 감사합니다 상담원 최연행입니다. 예.
요금문의,미납 요금 조회를 위한 다른 방법이 있나요?,정성을 다하겠습니다 삼천리 도시가스 미납니다. 아 네 미납금에 문자로 받아보고 싶어서요. 아 요금이요? 주소 확인해 주시면 확인 후에 발송해드리겠습니다 고객님. 네 인천 미쥬올구. 예 미쥬올구. 석정로 355. 네 석정로 350. 오피리아 2차 305호요. 305호이라고 하셨고요. 성함이 어떻게 되십니까? 김현진이요. 네 김현자 진청객님 본인이십니까 고객님? 네네. 수고한 정보 감사합니다. 아 그럼 3월에 고지되었던 금액 미납금액 말씀하시는건가요 고객님? 네네 미납금이요. 은행은 어느 은행이 편하실까요 고객님? 신한이요. 네 그럼 고객님 657호를 등록되어있는 번호 맞습니까? 6576번이요. 아 죄송합니다 6576. 네 그럼 다 금액하고 신한은행 계좌 문자 발송 바로 하겠습니다. 네 혹시 저희가 그 21일 날 이사를 하거든요. 아 4월 21일 날 목요일로 확인되시는데요 고객님. 네네네. 혹시 지금 예약을 같이 해드릴까요 고객님? 어 네. 그날 이사가실때 취사로 사용하시던 가스레인지 가져가시는 겁니까 고객님? 아니요 가스레인지 안 가져가요. 그냥 놓고 가시는 겁니까? 네네. 저희가 21일날 오전에 방문해서 그날까지 쓴 요금 현장에서 정산해 드릴텐데 괜찮으신 겁니까 고객님? 아 네네네. 저랑 그렇게 해주세요. 아 예 지금 예약 되셨고요 가시는 곳은 예약 안해드려야 되는 겁니까 고객님? 어 가는 곳이 지금 거기가 어디껀 쓰고 있는지 몰라서 인천도시가 쓰인지 삼천리인지 저희가 몰라서요. 네 그럼 전주만 접수 해드리고요 고객님. 네네. 가시는 곳 만약에 주소지가 정확하시면 당일 접수만 안되시는 거니까 2 3일 전에 미리 예약하시면 될 거 같습니다. 아 네 알겠습니다. 네 궁금한 사항은 없으십니까? 아 네네네. 그러면 21일 날 오전에 연락주시고 방문을 하시는 건가요? 네 고객님. 아 네 알겠습니다. 네 궁금한 사항은 없으십니까? 네네. 네 감사합니다. 네 감사합니다. 네 감사합니다.
요금문의,미납 요금은 이사 후에 어떻게 처리해야 하나요?,아 알겠습니다 여보세요? 최주희입니다 안녕하십니까 고객님. 여보세요? 네 고객님 어떤 부분 안내 도와드릴까요? 아 여기 이사로 왔는데요. 네. 한달에 지나는데 가스요금이 안나와요. 여기 공주소가 안아요. 확인해서 안내 돌리드리겠습니다. 네 주소가 어떻게 되십니까? 네? 주소가 어떻게 되십니까? 주소요? 예 고객님. 네 제가 맞을 안양시. 안양시. 안양구. 안양구. 네. 네 안양시 안양구. 네. 안양로. 안양로. 340번길. 340번길. 20. 20. 아 저 호수 비는 401호요. 401호 되십니까? 예. 성함은 어떻게 되십니까? 예. 고객님 고지서 받으시는 명의 잡은 성함이 어떻게 되십니까? 1월 좀 아 지금 이사 왔는데요 한달 좀 길었어요 근데 고지서가 안와요. 고객님 401호 맞으십니까? 401호. 어 현재 요금 고지서는 1월 20일까지 납부하시라고 요금 고지서가 벌써 청구되셨고 이 요금은 12월 3월부터 1월 5일까지 사용한 분이신데요. 납부나 납부 조절은 잘 안되네? 여보세요? 12월 3월부터. 예. 1월 5일까지 사용한 분 요금 고지서는 1월달에 발송해서 지금 납부가 안되신 상태이시고요. 그러면 이원. 근데 왜 여기서로 안아요? 고지서는 이전 고객님 명의로 발송되신거 같습니다. 이거 나오시고 들어가시는 고객님 모두 다 두 분 모두 따로 저희쪽에 명의 변경 신청하지 않으셔서 예전 명의자분 고지서 발송되었습니다.  고지서는. 언제 왜 그러세요 고객님.  벌써 1월 11일 날짜로 발송해드렸던 고지서 납부한데서도 미납인 상태이시고요.  다음 고지서는 12일 되셔야지만 받아보실 수 있으십니다.  네네 다음 달에요?  이번달 12일이요 고객님 지난달 요금. 아 이번달 12일 날 12일이요? 고객님 12월달에 사용하신 요금 고객님께서 부담하시는건가요? 네? 12월달에 사용하신 요금 고객님께서 부담하시는건가요? 아 있잖아요 왜이렇게 말이 여름으로 여름으로 나와요? 미납으로 고객님께서 발송되어 있으신 거 고객님께서 다 납부 해주실 건가요? 아 납부해 드려야 되는데요. 지나가서 얘기해 주세요 고객님. 예? 납부 안 되셔서 미납이세요. 이번에 고지서 받으실 때 미납으로 같이 청구되실 겁니다. 근데 얼마 지금 얼마 지금 고지서가 안 나와서 안 오냐요. 고지서 동의고지서 발송해드렸어요 고객님 예전 고객님 명의자번호로. 명의정리 신청 안하셔서 고객님께서 확인 못하셨던거 같으세요. 근데 1월 5일까지 사용번호로 77130원 청구되어 있으신데 이거 포함해서 고지서가 다시 발송될 예정입니다.  근데 제가 전화를 잘 말이 이상하게 드리니까  문자로 좀 한번 보내자고요.  네.  근데 고지서가 어떤지.  네 알겠습니다.  다음 고지서는 동의고지서 발송 받으실 거고요.  네.  간단하게 금액과 계좌번호 문자 메시지 발 발송해드리도록 하겠습니다. 아 근데 이댈 12일날 고지서가 나온다고요? 네 그렇습니다 고객님. 아 일단 문자로 좀 보내주세요 요금하고. 네 알겠습니다. 예. 다른 문의사항 없으십니까?
요금문의,미납 요금을 해결하려면 어떻게 해야 하나요?,정성을 다하겠습니다 삼천리 도시가스 이였습니다. 네 안녕하세요. 네 안녕하십니까. 여기. 네 무엇을 도와드릴게요? 인천 이천구 주안동. 주안동. 1568-13. 1568-13. 네 202호인데요. 202호. 성함이 어떻게 되십니까? 저희가 네 저희가 지금 세입자거든요. 고객님 성함이 당자를 착하시는 분은 아니고요 세입자분이세요? 네. 202호. 202호 네. 네 근데 여기 무엇을 도와드릴까요 고객님? 도시가스 지금 안 돼있는걸로 알고 있어요 그것 좀 연결결 부탁드릴게요 고객님 이사를 언제 오셨어요 죄송한데? 제가 그걸 청구로 청구로 쓰다보니깐 도시가스가 안되어있는거 몰랐거든요 체납중지로 되어있어서 근데 그 주인분이 그렇게 얘기 안했거든요 얼마 체납됐는데요? 금액은 크시는데 계약수가 맞는데 지금 오래서 네. 체납으로 중지된걸로 확인되시는데요 고객님. 어 근데 너무 이쁜데 진짜. 아니 근데 체납은 그 주인한테 받으셔야 되고요 저희가 이거. 지금 상태에서 고객님에 대한 거 이제 진행할 수 없으니깐 주인분하고 네. 말씀하시고 전화주셔야 될 것 같습니다. 아 체납 얼마를 하셨셨죠? 잠시만 제가 메모좀 할게요. 네 메모 가능하십니다. 네. 16200원 확인되십니다. 16200원이요? 네. 아 그러면 이거 저희가 월요일날 예약을 모를 와서 하는걸로 해주시면 안될까요? 네 그게 안되세요. 이 처리가 안된 상태에서는. 일단 먼저 처리를 해야하는거죠? 네. 네 알겠습니다 다시 전화드릴게요. 그럼 제가 바로 그 연락할 수 있는 번호로 전화주시면 안될까요? 없어요? 네. 네 알겠습니다. 네 다른 문의사항은 죄송합니다. 네. 수고하세요. 네 감사합니다.
요금문의,이전 요금 납부 확인서를 다시 받을 수 있을까요?,정성을 다하겠습니다. 삼천리 도시가스 장소인입니다. 네 그 제개발 주요 관련해서 사실 완전 명승했긴한데 요금 납부 확인서가 그거에요? 전화주신 곳은 이주센터 하신건가요 아니시면 주인이신건가요? 네 주인이요. 전화드리면 되요. 네. 그러면 납부 확인서를 저희가 이주센터 팩스로 발송을 해드리면 처리가 더 가능하시더라고요. 음. 네네. 혹시 주소가 어떻게 되십니까? 주소가 주안동 1540-25. 1540-25번지 삼정그레인지 몇 호십니까? 302호. 아 302호 말씀이셨고요. 네. 제가 납부확인서는 발송했었던 일확은 있습니다만. 예 지금  납부 확인서 받았으니깐 이게 그거에요? 해지왔나 명층이에요? 네 맞습니다 이 납부 확인서로 대출하시면 됩니다. 네. 다른 궁금한 사항 있으실까요? 네 감사합니다. 네 감사합니다. 상담원 정사랍니다. 네.
요금문의,요금이 제대로 연결되지 않았거나 미납된 경우 처리 절차가 어떻게 되나요?,정성을 다하겠습니다. 삼천리 도시가스 정연입니다. 네 다름이 아니라 그 가스 요금때문에 문의좀 하려고 하는데요. 네 문의하신 주소가 어떻게 되십니까? 어 문의치월구 문학동. 예. 주영 401동 301호인데요. 네 고객님 성함은 어떻게 되십니까? 진영이요. 네 확인 감사합니다. 요금 어떤 요금 확인해드리면 되겠습니까? 아니 저희가 이사온지가 11월 9일날로로 알고 있는데. 네. 요금이 4개월치가 나오죠? 네 고객님 말씀하신 제도 11월 16일에 입주하신 걸로 확인되고요 12월달 고지분 부터 2월 고지분까지 총 3개월 번 입니다. 3개월께 팔만 얼마를 하는거죠? 네 맞습니다 팔만 1290원 확인되고 있습니다. 아 전에꺼 또 저는 왜 그러냐면은 그 석정로에 살고 있는걸로 가서 이쪽으로 연결했는지 알고 그거는 연결 안 되어있고 다 완납됐죠. 고객님 말씀하신 수미동 쪽으로 하시는 거 말씀하시는 거 맞을까요? 예예예. 수미동에서 마지막 정산받으셨던 금액 8200원 수납 안 되어있으시기 때문에 연결이 되어있으신 건 맞으시고요. 이 금액은 3개월입니다. 그 8200원은요. 네. 집주인 임승만한테 다 보냈습니다 그거 그쪽에서 처리해준다고 지금 집주인 분께서 납부 안되셨던걸로 확인됩니다 아니 그쪽하고 통화 했다고 얘기하던데? 보일쪽으로 연락오신 거 없으신데요? 아그 집주인한테 제가 보내드렸는데 왜 그걸 저한테 청구를 하는지 그것때문에 좀 의아해갖고 전화 한번 드렸어요. 수납이 안되셨기 때문에 청구가 되신거고요. 집주인 분이 주셨다면 요금 수납하시라고 전화를 해주셔야 될 것 같습니다. 전화도 그거 했는데요 제가? 등록으로 납부하시거나 연락오셔도 수납하시는 이력은 없습니다. 아이나이씨. 고객님 이거 어떻게 해야하는거죠? 말씀주셨듯이 그 집주인 분께 연락하셔서 요금 고객님이 다시 받으셔서 납부하시거나 아니시면 집주인 분한테 직접 납부하시라고 해주셔야 될 것 같아요. 얼마죠 이게? 8200까지요? 네 8200원입니다. 일단 알겠습니다. 네 감사합니다. 다른 문의사항입니다.
요금문의,"미납 요금 정산 상태를 위주로, 향후 미납 문자가 발송되지 않도록 조치할 수 있을까요?",얻어봐겠습니다. 삼천리 도시가스 말하기미입니다. 네 그 오늘 오전에 그 요금을 납부했는데 아까 미납센터에서 네. 내십경에 문자가 들어와가지고 미납으로 들어왔는데 어떻게 된건가요? 월드페이스티빌 304호 맞으십니까? 아 예예. 예 예약된 문자가 발송되셨던걸로 확인되고요 지금 정산 수납되어 있으시기 때문에 별다른 문진 없으신 걸로 확인됩니다. 아 수납된걸로 확인됐다고요? 네 확인되셨습니다 예약되신 문자가 먼저 발송되셨던 걸로 확인됩니다. 미납금액 아예 없는거죠? 네 없습니다. 이번달꺼까지 다 들어왔는건가요? 네 2월달 요금까지 다 납부하셨습니다. 예 알았습니다 예. 네 감사합니다 상담원 정연입니다. 예.
요금문의,"요금 내역을 확인하고 싶은데, 미납 요금이 있는지 알고 싶습니다.",정성을 다하겠습니다. 삼천리 도시가스 윤정입니다. 아 예 저기 여기가요. 네. 주안동 긴두리미 1804호거든요? 네. 아 그런데 문자가 와서 그러는데 이게 가스가 지금 문자가 들어왔거든요 근데 뭐가 어떻게 된건지 잘 모르겠어서 여쭤보려고 전화드렸어요.  아 오늘 문자가 왔다는 말씀이신건가요?  네 지금 방금 들었는데요.  혹시 어떤 내용이 문자인지 확인 가능하세요 고객님?  아 저기 뭐 주 주소가 저희 사는 집 말고요 제가 원룸을 가지고 있거든요.  네 예. 그런데 원룸에 거기 103호가 방이 비어 있어서 제이름으로 여있거든요 근데 거기꺼인지 어떤지 정확하지를 않아서요. 그 문자운데보시면 주소가 나와있을텐데 확인 가능하세요 고객님? 확인이요? 예. 확인 어떻게 하는건지 잘 모르겠는데. 그 문자온거 내용을 보시면 그쪽에 주소가 있거든요. 그러면 제가 다시할까요? 전호를 보고? 예 그 문자 내용에 보시면. 예. 금액이랑 계좌번호가 따로 나와있는데요 어디옷는지 확인하시고 만약에 18-18 도로수 있잖아요. 거기서 알아보실 수 있잖아요. 지금 금방 방금 온지 얼마 안된거니까. 네 진돌로를 들인지 그 18-18 도로수. 그러게 그거를 확인 그거를 확인하려고 그러는건데. 금액 아세요 혹시? 네? 문자 가운데 보시면 금액이 나와있는데 그 금액을 아세요. 2만 얼마라고 나온거 같은데요. 2만 얼마요? 네. 이게 전산으로 배송되는 거다 보니까. 네. 저희가 가까운 호수마다 확인을 해야해서 잠시만요 고객님. 네. 그 진돌오륩이 말고 주소가 번지수가 어떻게 되세요 고객님?  018-2년 1월이예요 111. 아예 205호 확인되셨고요 금액 201550원 확인됩니다. 몇일 부터 몇일까지 쓴거죠? 그 미납요금 있으시고요 2월 9일부터 4월 7일까지입니다. 2월 9일부터 2월 9일부터 몇 호요? 4월 7일이요. 4월 7일까지 205호요? 예. 그게 2528000 얼마인가요? 21550원입니다. 21500 뭐 103호도 비워있거든요. 103호도 제가 지금 낸지가 쩔을 됐거든요. 예 103호는 두달치 분 1870원 나와있습니다. 네 그거 두가지인가요? 예. 네 알겠습니다. 감사합니다 신담원 윤정이었습니다. 네 거기 계좌번호 나와있죠? 네 그렇습니다. 예. 네 감사합니다. 예.
요금문의,요금 납부를 위해 이전에 미납된 요금의 정확한 합산 금액을 다시 확인할 수 있을까요?,네 정성을 다하겠습니다 삼천리 도시가스 최유정입니다. 아 네 안녕하세요 저기. 안녕하십니까. 어 그 도시가스 밀레인거 요금 납부좀 하려고 하는데 계좌가 발송이 안됐다고 해서. 아 네 주소가 어떻게 되실까요 고객님? 아 경기 안양시 만안구. 네. 장내로 150번길. 장내로. 36. 잠시만요. 장내로 150번길이신가요? 네네. 150번길에. 36. 36. 네 몇 호이십니까? 아세대 502호. 502호. 아세대 502호. 명의 등록되어 있으신 분 성함은 어떻게 되십니까? 어 박동섭인가요? 여기 명의 미등록으로. 건물주로 되있나? 여기 명의 미동록으로 되어있으신데 지금 요금이 총 4개월 미납이 있으시고요. 202350원 확인되시는데 고객님 여기서 계속 거주를 하고 있으셨던건가요? 예예. 네 그러시면 일단 명의만 더 등록을 도와드리겠습니다. 여기 622에 108번지로 확인되시고요. 502호 명의 등록하실 분 성함은 어느 분으로 신청 도와드릴까요? 박동석이요. 박동자 석자 고객님이시고요. 생년월일 앞자리 어떻게 되십니까? 석 석이요 석이예요 석이예. 네 생년월일 앞자리 어떻게 되십니까? 690910. 네 핸드폰 번호는 어떻게 되세요? 아 잠시만요. 010에요. 네. 9309에 6610. 9309에 6610번이십니까? 네네. 네 말씀해주신 분 성함으로 명의 등록 해드렸고 지금 미납요금 있으신 거는. 금액이랑 가산계좌 어느분 핸드폰 번호로 발송해드려야 되시나요? 어 일단 박정성님한테 보내주시고요 저한테로 보내주실 수 있나요? 비번으로. 번호 두개로 보내드리면 되나요? 예예예. 네 각각 보내드렸고 지금 전화신 분은 가족분이신건가요? 아니요 직원이요 사장이신데. 아 사장 분 사장이신데요? 일단 저희가 각각 보내드렸고 지금 4개월이라서 가스가 중지되실 수 있기 때문에 오늘 중으로 빠른 입금 부탁드리겠습니다. 아 네 알겠습니다 감사합니다. 수고하세요. 네 감사합니다. 네 수고하십시요.
요금문의,미납된 요금을 확인하고 싶습니다. 미납 요금을 모바일 앱이나 온라인에서 확인할 수 있나요?,정성을 다하겠습니다. 삼천리 도시가스 윤정입니다. 네 수고하십니다. 오늘 그 이사와가지고요. 예예. 그 등록좀 하려고 그러는데 그. 주소가 어떻게 되십니까? 인청왕력시 미추월구 주안동 286-12 102호. 네 전화주신 분 성함으로 접수 해드릴까요 고객님? 네네. 아 오늘 입주하셨다고 하셨나요? 예예 오늘 좀 들어왔어요. 아직 요금 정산이 안되어 있으신데 정산은 어떻게 하시기로 하셨나요? 그 얼마나 나와있어요? 오늘까지는 아니고요 미납요금만 4800원 정도 있습니다. 어 4800원은 굳이 앞으로 예 제가 누르야하잖아요. 그 앞으로 나온거는 자동이체 뭐 그런걸로 안되나요? 아 이 미납요금도 고객님께서 결제하시는건가요? 아니 주인분하고 연락을 한번 해봐야하는데. 아. 그러면은 뭐야 그 주시면은 제가 그쪽으로 입금을 해드리고 따로 그 돈을 받든가 하면 되니까. 아 예 그럼 일단 금액하고 계좌는 문자로 넣어드릴 거고요. 네. 요금 납부하시고 연락을 주셔어야만 등록 가능하실 거 같습니다 고객님. 음 그러면 내일 지금 뭐야 어차피 오늘은 안되잖아요? 예. 아 그니깐 내일 그 방문하셔가지고 해주시면 될 것 같은데. 아 저희가 정산이 안되어있으시면 접수주소가 안되어있기 때문에. 아 지금 바로 바로 하고. 예. 그 물거 요금을 물거. 예. 아 알겠습니다 그럼 바로 입금하겠습니다. 아 예 그럼 납부하시고 다시한번 연락 부탁드리겠습니다. 바로 다이렉트로 통화는 안되나요? 예 집통전화는 없습니다 고객님. 아 알겠습니다. 감사합니다 상담원 윤정이었습니다. 네.
요금문의,연체 요금 납부 방법을 안내받을 수 있을까요?,정성을 다하겠습니다. 삼천리 도시가스. 네 여보세요? 네. 네 그제 그 카카오톡으로. 네. 그 요금이 나왔는데요. 네. 연체 요금이 있어가지고. 네. 제가 그 신용 카드로 결제가 안되어였는지 한번 봐주시겠어요? 대동아파트 201동 1307호 맞으십니까? 네네. 명의자분 성함은 어떻게 되십니까? 대진수요. 네 확인 감사합니다. 말씀하시는데는 자동이체가 등록되어 있지 않습니다. 아 등록 안 돼 있어요? 네 맞습니다. 근데 지금 고지 요금 고지서 세번 나왔죠? 네 맞습니다. 한번도 안냈어요? 네 납부 안되어 있습니다. 아 그러면 지금 신용카드로 납부 가능할까요? 신용카드 자동이체 신청 먼저 도와드릴까요 고객님? 아 신청은 제가 조금전에 국민카드를 했어요. 아 네네 그러시면 지금 당월분까지 납부하실수 있는. 네네. 제가 카드 결제번호를 하나 문자로 넣어드렸습니다 고객님. 네네. 예 그 문자 안쪽에 카드 결제번호 해서 0507로 시작하시는 번호 보이실건데요. 그 번호로 전화하시면 카드로 결제 수납 가능하겠습니다. 문자로 번호이요? 네 지금 알림톡 넣어드렸습니다. 네 알겠습니다. 네 감사합니다. 네. 상담원입니다. 네.
요금문의,요금을 온라인으로 납부하려면 어떤 절차를 따라야 하나요?,정성을 다하겠습니다 삼천리 도시가스 유영화입니다. 네 수고하십니다 여보세요? 네 고객님 무엇을 드릴까요? 아 전 이거 가스요금 안양이거든요. 안양이요? 안양 그쪽 인천으로 연결되셨는데요 고객님. 그러면 어떻게 해야 돼요 안양으로? 안양 무슨 동이신건가요 고객님? 만안구요. 만안구요 고객님? 네. 메모 혹시 가능하십니까 고객님? 네 예 네. 15443002 누르셨을때. 15. 15443002. 네. 누르면 본인이 맞으면 1번 아니면 2번이라는 멘트가 나올겁니다.시만요 1544 002요. 3002. 아 3002. 네. 본인이 아니다 라고 해서 2번을 누르시고. 본인이 아니 내가 지금 이거 내야해서 2번이요? 네. 네. 상담원 연결 0번. 네. 만항구 무슨 동이실까요 고객님? 안양로요. 안양요 안양. 안양로 3. 383번길. 센터 번호 28번하고 별표 누르시면 관할 센터 연결되실겁니다. 아 28번하고 별표요? 네. 아 그러면은 처음에 3002 눌러갖고 2번 누르고 0번 누르고 28번 눌러요. 28번. 탈표. 아 감사합니다. 네 바로 전화 드려 죄송합니다. 아이고 고맙습니다. 네 감사합니다. 수고하세요. 네..
요금문의,"이사 정산 시 미납 요금이 있었다면, 해당 금액을 어떻게 확인할 수 있나요?",정성을 다하겠습니다. 삼천리 도시가스 윤정입니다. 네 수고하십니다. 이사정산이 됐는지 확인좀 하려구요. 아예. 주소가 어떻게 되십니까? 이처월구 조안동. 네. 764에 12번지. 네. 이노빌 이노빌리지 14302호. 302호시구요. 네. 지금 4월 9일날 정산 완료하신걸로 되어있고요. 아 네네. 검침도 다 됐나요? 아 예 검침 623호까지 다 안나가셨습니다. 아 네네 네 감사합니다. 감사합니다 수납자분이였습니다. 네.
요금문의,납부 안내 문자가 잘못 왔을 가능성을 어떻게 확인할 수 있을까요?,정성을 다하겠습니다 삼천리 도시가스 윤정입니다. 예 내가 요금을 다 냈는데. 네네. 그 뭐 1월 6만원이 덜 냈다고 문자가 왔는데 그거 뭐죠? 죄송한데 주소지 말씀해 주시면 확인을 안내하겠습니다 고객님. 예. 선학동. 네 연수구 선학동. 어 397에 10. 397에 10번지. 203호 203호. 203호라고 하셨구요 성함이 혹시 김섭자를 시작하시나요? 예. 주소가 정보 감사합니다. 고객님 미납요금이 아니고. 어. 이번에 2월 8일까지 쓰신 요금. 네 25일날이 납부일이시잖아요 고객님. 2월 8일날이. 1월 8일부터 2월 8일까지 쓴 요금을. 네. 매월 25일날 납부하시잖아요 고객님. 아 예 25일날 납부하는데 그래. 미납요금이 아니고 58360원. 고지 금액을 먼저 문자 발송하고 그 종이고지서도 좀 나갈 예정입니다 고객님 미리 안내분차. 아 아니에요 그 얘기가 아니요 그요 60 얼마 하던데. 6020원은 1월달 고지분입니다. 아 근데 그거 미납분이라고 왔어요. 아니요 미납분 아니세요 고객님 납부 되어있습니다. 어 근데 왜 그런 문자를 보내실까? 저희 미납이라고 문자 발송한건 없는데요 고객님. 없어요? 네. 내가 잘못봤는가? 같은 날 미납이 없으면 되세요. 네. 해주세요. 네네. 해주십니까? 네네네. 감사합니다 안녕하십니까. 네.
요금문의,요금을 자동이체 했지만 이전달 요금이 자동이체 되었는지 확인해 주실 수 있나요?,정성을 다하겠습니다 삼천리 도시가스. 네 아까 네 저기 전화드렸었고. 예. 저기 팩스를 저기 팩스가 아니라 전화번호를다가 그 사진 찍어서 보내았거든요. 아 문자로 넣어주시면 요금 내는거.예. 아 예 잠시만. 5905 3004를다가. 아 예 잠시만 기다려 주시겠습니까? 예....네 오래 기다더라고요. 많이. 아 그러니깐 내야 접수 얘기를지 아니 왜 그러니깐 도시가스 내는거 돈이 좀. 네 기다려주셔서 감사합니다. 예. 지금 한번 확인해보고 제가 연락을 다시 한번 드려야할것 같은데요. 예예예. 자동이체를 하신건가요? 예 자동이체를 했는데. 예. 아니 저기 저기 은행가서 냈어요 돈을. 예. 근데 이 6만 얼마하고 그 8만 얼마하고 이번달꺼까지 다 나간거 같아서 20만 얼마가 나간거보니깐요. 네. 예 그래서 어 저기 두가지는 해도 되는데 이번달꺼 거는 나가도 괜찮은데. 예. 먼저꺼 낸 거는 저기 80 얼마하고 이거 60 얼마하고는 저기 들어주셔야 될 것 같은데. 예예. 근데 그거는 수납처리가 되어있어요 근데 카카오뱅크로 98960원 납부하시면 확인이 안되셔서. 예. 예 그거는 확인하고 연락을 드리겠습니다. 예예. 그래요 그러면은 이 하필 때문에 어 전화 좀 한번 주세요. 네 지금 전화 주신 번호로 연락 드리겠습니다. 예예 예예. 네 감사합니다 감사합니다 상담원 윤정이였습니다. 예 수고하세요. 예.
요금문의,"요금 납부 후 미납 문자를 계속 받는데, 요금 납부가 제대로 처리된 건가요?",정성을 다하겠습니다 삼천리 도시가스 현정입니다. 네 어제 요금 납부를 했는데요. 네네 고객님. 자꾸 문자가 와요. 안된건가요? 납부 아닙니다 고객님 납부 하셨어도 저희가 단체 메시지가 나가는거라 납부 하셨으면 따로 그거 무시하셔도 될 것 같습니다 고객님. 그러면 확인을 할 수 있는지 없어요? 확인을 하실 수 있으세요 주소 불러주시겠습니까? 경기도 네오파로 2번 2번길. 네. 372층이요. 성함이 누구십니까? 최정희요. 1월달 하고 2월달 요금 어제 납부 하신 거 확인되시네요 고객님. 아 그럼 된거죠? 네 미납 없습니다. 예. 고맙습니다 더 궁금한
요금문의,요금이 두 번 청구되는 이유와 같은 상황을 방지하기 위한 방법이 있나요?,정성을 다하겠습니다 삼천리 도시가스 현정입니다. 여보세요? 고객님 무엇을 도와드릴까요? 잠시만요. 여보세요? 말씀하시겠습니까? 아 서류약해가지고. 중국사람. 어떤 흥로 도와드릴까요? 아 근데 가스요금 제가. 네. 1월달에 뭐 42340원원 2월달에 내가 살지도 않은 사람이 또 3만660원 이렇게 이렇게 요금기가 날아와는데 어떻게 된건데 한번 여쭤볼게요. 주소를 좀 먼저 불러주시겠습니까? 넘말로 29번길. 예. 연수구 넘말로 29번길 38-6. 3호 지하 4. 고객님. 네 여보세요. 예. 여기서 이사 나오셨습니까? 네? 이사 나오셨어요? 이사 나왔는데요. 고객님 여기서 살기요 안사세요? 어 살기요 내가 한 40일 동안 내가 지방에 갔다왔거든. 지방에 갔다오셨다구요? 아 네. 여기는 확인을 드려보니까 고객님. 예. 지금 1월달 요금은 32340원 나오고. 어. 2월달 고지서는 36670원 나왔잖아요. 예. 1월달 고지서는 없애버리고 2월달 거만 내셔면 되세요. 왜이렇게. 합쳐지시면 되세요. 왜이렇게 아 그러면 그렇게 오면 안되지 아그 사람 헷갈리잖아요 그러면은 두개 다 낼 분 했잖아요. 하나만 내시면 되세요 2월달 거만 내시면 되겠습니다. 그렇죠 아 전용원도 그래요? 그거는 모르겠어요 저희 거만 그래요 고객님. 전용웨이 이렇게. 그렇지 않으시겠어요 고객님? 어 전용웨이 또 보니까 나 내가지도 않았는데요 도리짜 나와쁘리 있어 2월달에. 고객님 1월달 거랑 아마 합쳐져서 나오셨어 그럴꺼에요. 아 그러니까 제가 36670원만 내면 되죠? 네네 맞습니다. 예 감사합니다. 감사합니다 좋은 하루 되십시오. 예 수고하세요. 맞습니다. 아 아니아니 저기 예전에 그 이거 몇 몇날 지날까지 꺼는데 이거. 25일날까지 내시는 날짜세요 고객님. 아 날짜가 내가 말하시는 날짜가 아니고 언제 언제. 사용 기간 말씀하세요. 아 언제까지 뭐. 핸드폰 핸드폰 요금 몇월시 언제까지 딱딱 끊는다 하기가. 2월 9일날까지 끊으신거세요 2월 9일. 아 2월 9일날 끊고 이거 갖다 주는. 2월 9일날 예예. 아 알겠습니다. 감사합니다 상담원 정인입니다. 네 수고하세요.
요금문의,요금이 지난 3개월 동안 왜 이렇게 많이 나왔는지 상세한 내역을 알 수 있을까요?,알겠습니다 삼천리 도시가스 김수희입니다. 예 그 주안동 617-4번지인데요. 주안동 617-4번지요? 예 거기 102호. 102호요? 예 저기 도시가스 요금이 15만 얼마 이렇게 찍혀 있던데. 일단 전화주신 분은 관계 어떻게 되십니까? 저는 집주인인데요. 집주인 분이요? 잠시만 기다려 주시겠습니까? 예. 12월 1월 2월에서 3개월 분이 있는 걸로 확인되었습니다. 근데 15만원씩이나 돼요? 12월 달에 32880원. 1월 달에 501980원. 2월 달에 68550원입니다. 그래요? 네 월별 금액해서 문자 발송해 드리면 되겠습니다. 네 월별 주세요. 네 지금 80번으로 바로 문자 발송 해드리겠습니다. 예예. 네 동호사항 없으십니까? 예. 감사합니다. 상담원 김수경입니다. 
요금문의,"최근에 요금을 납부했는데, 미납 요금이 남아 있는지 확인할 수 있을까요?",정성을 다하겠습니다. 삼천리 도시가스 정소인입니다. 네 수고하십니다. 네 감사합니다. 저기 여쭤볼게요. 네. 어제 어 도시가스 요금을 결제를 해드렸는데. 네네. 아 오늘 또 또 문자 발송이 내려왔거든요? 네 맞습니다. 시스템 장이로 인해서 고객님 카톡 고지가 두 번 발송이 되셨는데요. 아 그래요? 혹시 주소가 영톤 오피스텔 몇호이십니까? 206호요. 아예 감사합니다. 납부 확인도 되셨기 때문에 문자 없겠습니다 고객님. 네 감사합니다. 네 다른 궁금한 사항 없으십니까? 예예 없습니다. 네 감사합니다 상담원 정사랍니다. 예.
요금문의,"요금이 미납된 경우, 정산하는 방법이 어떻게 되나요?",정성을 다하겠습니다 삼천리 도시가스 윤정입니다. 아 네 그 명의 등록 하려고 전화드렸는데요. 아 예 주소가 어떻게 되십니까? 주원 등록 19호요. 네. 708호요. 혹시 건물 이름이 어떻게 되시나요 고객님? 어 동다운가요. 아 그럼 성함을 고객님 성함으로 등록 해드리면 될까요 고객님? 네네네. 아 잠시만요 고객님. 네. 예 기다려주셔서 감사합니다. 네 정산 다 되어있고요. 네네. 전화주신 분 성함이 어떻게 되십니까? 이수연이요. 핸드폰 번호가 몇번입니까? 010. 네. 4636에. 네. 4386이요. 네 생년월일 말씀해주 주시겠습니까? 네 950. 네. 221요. 네 등록되었고요. 저희가 방문 드리면 내일 오후 중에 방문 가능한데 괜찮습니까? 아 네네네 혹시 지금 혹시 어 요금이 어느 정도 나온지 알 수 있을까요? 아 지금 가스를 사용하시고 계신건가요 고객님? 아 네네네. 아 죄송하지만 저희가 하루하루 검침하지 않기 때문에. 아 네네. 아직 오늘까지 요금을 확인이 어렵고요 고객님. 네네. 아마 오늘 등록하시면 다음달부터 요금이 나오실거 같습니다 고객님. 아 그래요? 예 맞습니다. 아 네네 알겠습니다 내일 혹시 몇시쯤인지 알 수 있을까요? 대략 한 2시에서 4시장에는 방문 예정이실것 같습니다 고객님. 아 일단 네 알겠습니다 감사합니다. 네 감사합니다. 아 저기 혹시 죄송한데 혹시 오레로 할수 있을까요? 내일은 집이 없을거 같아서. 아 그럼 토요일도 안계시나요 고객님? 네 주말에는 어디 나가가지고. 아 예 그럼 월요일날 5호 중에 방문 드리겠습니다. 네네 알겠습니다 감사합니다. 감사합니다 상담원 윤정이었습니다. 네.
요금문의,미납된 요금에 대해서는 어떻게 납부할 수 있을까요?,전화는 얘기인지 모르겠는데. 네 안녕하세요. 네 안녕하세요. 자동이체 신청 좀 하려고 그러거든요. 등록하실 계좌가 고객님 본인 계좌십니까? 아니요 저희 엄마꺼인데. 어머님이 옆에 계세요? 네 여보세요? 네 안녕하세요 고객님 성함이 어떻게 되십니까? 네 사용하시고요. 네 지금 사용하시는 세대 자동이체 신청하시는거고요. 네. 주소가 어떻게 되십니까? 주소요? 네. 혁정로 434에. 네. 12요. 네 12. 네. 몇 호이십니까? 저희가 여기 세대주인데요? 네. 세대주가 아니라 집주인인데 저희가 온로 그 다 할 거라서. 네 이 건물 전체 다 그럼 자동이체를 어머니 불러시는 거예요? 아니아니. 비어있는 방만. 비어있는 방이 몇 호시 있는데요? 불러드릴게요. 네. 101호. 네 101호. 108호. 108호. 111호. 111호. 112호. 112호. 113호. 113호. 예 이렇게 5개요. 5개세요. 명의가 등록이 안되어 있으신 걸로 확인되시는데 명의 안된 거는 어머니 명의로 바꿔놓으면 되나요? 지금 보니까. 네. 101호가 명의 등록이 안되어있는데. 네 명의가. 나머지가 돼있죠? 네 지금 다른 데는 되어있으시고 지금 여기가 안되어 있어서. 예 111호 아 101호 명의 등록 해주시고 요거는 아무리 바꾸든지 해주시고. 아 그럼 다 어머님 걸로 등록해서 자동이체 신청해 드리면 되시는 거죠? 네 알겠습니다. 네 101호부터 신청 도와드릴 건데 계좌 어느 은행이세요? 신협이요. 네 사용하시는 계좌가 신협. 네. 어머님 동장이신 거죠? 네. 네 지금 신협 계좌번호 요금 확인하고 등록 해드리죠 잠시만요. 네. 네 신협 계좌번호 안내부탁드리겠습니다. 132. 네. 109. 네 잠시만요. 네. 네 다시 한번 불러주시겠어요? 예 132. 네 132. 예 109. 네 109. 563. 563. 754. 754. 네 제가 정확한 등록을 위해서 ARS를 한번 연결해 드릴 겁니다 고객님 안내멘트 들으시고 숫자 한번 눌러주시면 됩니다. 네. 임양 옥 고객님은 삼천리 사용 요금 자동이체를 신용 주납에 예금주. 임 양 옥 고객님에 132. 예 132. 네 109. 563. 563. 754. 754. 네 제가 정확한 등록을 위해서 ARS를 한번 연결해 드릴 겁니다 고객님 안내멘트 들으시고 숫자 한번 눌러주시면 됩니다. 네. 임 양 옥 고객님은 삼천리 사용 요금 자동이체를 신입 주납리 예금주 임양옥 2네 13 21 카카오톡 9 5 6 3 7 5 4 계좌로 등록 신청하셨습니다. 자동이체 등록을 동의하시려면. 카카오톡 9. 번호 눌러주시고 거절하시려면 우물정자를 눌러주시기 바랍니다.  임 양 오 고객님 자동이체 등록이 완료되었습니다. 네 자동이체 신청되셔서 이제 어머님 계좌에서 나갈 건데요. 고지서는 다 문자고 나가는데 괜찮으신가요? 음 네 뭐 고지서 왜 보내는거에요? 영수증이요? 아 저희가 확인을 해야해서 영수증을 보내주셔야 한다는 게. 그러시면은 지금 고지서는 다 종이로 보내드려야 되는 거예요? 네네 영수증. 어 네 그러면 종이로 지금 보내드릴수 있도록 신청 맞으세요 변경해드리고요. 네. 어머니 명의로 자동이체는 다 등록이 되셔서 이제 저희가 이제 자동이체 되실건데. 네. 미납되어있는 세대들이 있어요. 네네네. 네 미납금액은 별도로 납부해 주셔야 되고 저희가 2월달 당월부터 결제되실텐데 괜찮으세요? 그 미납금액은 호수 별로 따로 다시 보내야 되죠? 네 제가 아니시면은 2월달 요금이랑 같이 인출 되실거거든요? 아 그래도 상관은 없는데. 아 그러니깐 미납 문자가 계속 발송되실텐데 괜찮으시겠어요? 어머니 불편하실까봐. 잠깐만요 이게 지금 저희가 이게 고지서가 없는데 그러면은 그 뭐 어떻게 안내문자 같은거 보내주실 수 있나요? 네 문자는 발송해드릴수 있어요. 아 그 호수 별로 다 따로 해서 보내주수 있을까요? 네 그럼 계좌를 보내드릴까요? 네 그거 하나 보내주세요. 아 네 그럼 계좌번호드릴거고요. 네. 신용 계좌로 지금 어머님 계좌는 다 등록 해드렸고 고지서 동의로 나가실수 있는데 이게 동의로 발송되시다가도 저희가 안내문자 보내드렸을때 문답이 없으시면 문자로 바뀌시는 경우가 있거든요. 네. 그때 다시 해지해주시면 되세요. 네 알겠습니다. 네 지금 신청 도와드렸습니다. 네 수고하세요. 네 감사합니다. 상담원 정사랍니다. 네. 이거 따로 내야지.
